"PLAYER_NAME","TEAM_ABBREVIATION","GP","AGE","PTS","AST","REB","OREB","DREB","TOV","STL","BLK","FG_PCT","FG3_PCT","FT_PCT","Peso","Altura","Season","Position"
"A.J. Lawson","TOR","24",25,16.1,1.1,6.8,1.4,5.4,1,"1.9",0.6,0.436,0.422,0.778,81.192968,1.9812,2026,"SG"
"AJ Green","MIL","78",26,12.8,2.4,3.4,0.5,2.9,1.2,"0.6",0.1,0.424,0.419,0.855,86.18248,1.9304,2026,"SG"
"AJ Johnson","DAL","48",21,12.7,3.7,4.4,1.1,3.3,2.4,"0.9",0.2,0.324,0.211,0.85,72.57472,1.9558,2026,"SG"
"Aaron Gordon","DEN","36",30,20.8,3.4,7.5,1.8,5.7,1.4,"0.8",0.4,0.497,0.389,0.767,106.59412,2.032,2026,"PF"
"Aaron Holiday","HOU","57",29,14.4,2.8,2.7,0.6,2.1,1.8,"1.2",0.2,0.417,0.394,0.854,83.91452,1.8288,2026,"PG"
"Aaron Nesmith","IND","45",26,16.7,2.3,5,1.3,3.7,1.7,"0.7",0.6,0.414,0.379,0.829,97.52228,1.9558,2026,"SF"
"Aaron Wiggins","OKC","65",27,15.6,2.8,5.1,1,4,2.1,"1.5",0.7,0.431,0.356,0.736,86.18248,1.9558,2026,"SG"
"Ace Bailey","UTA","72",19,18,2.4,5.5,1.9,3.6,1.9,"1.1",0.9,0.443,0.344,0.75,90.7184,2.0574,2026,"SF"
"Adama Bal","MEM","8",22,12.4,2.8,3.7,0.9,2.8,0.9,"1.3",0.1,0.412,0.409,0.9,86.18248,2.0066,2026,"SG"
"Adem Bona","PHI","71",23,10,0.9,9,3.7,5.2,1.6,"0.9",2.4,0.595,0.333,0.708,106.59412,2.0828,2026,"C"
"Adou Thiero","LAL","25",22,11.4,2.4,6.8,2.2,4.6,2.2,"1.7",0.5,0.516,0.333,0.636,99.79024,2.0066,2026,"SF"
"Ajay Mitchell","OKC","57",23,18.9,5,4.6,1,3.7,2,"1.7",0.4,0.485,0.347,0.87,86.18248,1.9304,2026,"SG"
"Al Horford","GSW","45",40,13.8,4.3,8.1,1.6,6.5,1.6,"1.1",1.9,0.426,0.361,0.846,108.86208,2.032,2026,"C"
"Alex Antetokounmpo","MIL","6",24,33.1,1.7,10.5,3.5,7,1.7,"0",1.7,0.375,0.286,0.733,97.068688,2.032,2026,"SF"
"Alex Caruso","OKC","56",32,12.3,3.9,5.5,1,4.5,1.7,"2.5",0.6,0.423,0.293,0.804,84.368112,1.9558,2026,"SG"
"Alex Morales","ORL","4",28,12.2,6.1,4.6,1.5,3.1,6.1,"0",0,0.429,0,1,95.25432,1.9812,2026,"PG"
"Alex Sarr","WAS","48",21,21.6,3.6,9.8,2.9,6.9,2.3,"1.1",2.6,0.482,0.333,0.692,92.98636,2.1336,2026,"C"
"Alijah Martin","TOR","23",24,12.6,3,5.2,2.2,3,2,"2",1,0.32,0.19,0.789,95.25432,1.8796,2026,"SG"
"Alondes Williams","WAS","4",26,15.7,4.3,8.9,1.8,7.1,1.8,"1.1",1.1,0.615,0.357,0.875,95.25432,1.9304,2026,"SG"
"Alperen Sengun","HOU","72",23,22,6.7,9.6,3.2,6.4,3.4,"1.3",1.2,0.519,0.305,0.691,110.222856,2.1082,2026,"C"
"Amari Williams","BOS","22",24,7.4,2.5,9.9,2.2,7.7,2.7,"0.7",2.5,0.5,0,0.714,113.398,2.1082,2026,"PF"
"Amen Thompson","HOU","79",23,17.6,5.1,7.5,2.9,4.6,2.3,"1.5",0.6,0.534,0.216,0.779,90.7184,2.0066,2026,"PG"
"Amir Coffey","PHX","46",28,10.9,2,4.2,1.4,2.8,0.7,"0.7",0.4,0.487,0.347,0.786,95.25432,2.0066,2026,"SG"
"Andersson Garcia","UTA","5",25,5.5,3,9,3.6,5.3,1.5,"1.7",0.9,0.31,0.077,0.778,99.79024,2.0066,2026,"SF"
"Andre Drummond","PHI","63",32,11.8,2.3,15.6,5.9,9.7,1.8,"1.1",1.4,0.472,0.356,0.631,126.552168,2.1082,2026,"C"
"Andre Jackson Jr.","MIL","48",24,10,3.8,6.4,2.2,4.1,2.7,"1.7",0.4,0.328,0.25,0.625,94.800728,1.9812,2026,"SG"
"Andrew Nembhard","IND","57",26,19.5,8.8,3.2,0.5,2.7,2.8,"1",0.2,0.442,0.361,0.825,86.636072,1.9304,2026,"SG"
"Andrew Wiggins","MIA","68",31,18.2,3.2,5.7,2,3.7,1.8,"1.3",1.2,0.475,0.414,0.784,89.357624,1.9812,2026,"SF"
"Anfernee Simons","CHI","55",27,20.6,3.5,3.5,0.8,2.7,1.8,"0.7",0.2,0.44,0.385,0.896,90.7184,1.905,2026,"SG"
"Anthony Black","ORL","64",22,18.1,4.4,4.6,0.9,3.7,2.5,"1.7",0.8,0.447,0.333,0.732,90.7184,2.0066,2026,"PG"
"Anthony Davis","WAS","20",33,23.4,3.2,12.7,3.6,9.1,2.4,"1.3",1.9,0.506,0.27,0.728,114.758776,2.0828,2026,"C"
"Anthony Edwards","MIN","61",24,29.6,3.8,5.1,0.6,4.5,2.9,"1.4",0.8,0.489,0.399,0.796,102.0582,1.9304,2026,"SG"
"Anthony Gill","WAS","55",33,12.2,2.6,6,2.2,3.8,1.4,"1.2",0.8,0.628,0.354,0.739,104.32616,2.0066,2026,"PF"
"Antonio Reeves","CHA","10",25,14.4,1.6,4.3,1.1,3.2,0.5,"0.5",0,0.5,0.538,0,92.98636,1.9558,2026,"SG"
"Ariel Hukporti","NYK","54",24,8.5,2.1,11.5,4,7.4,2.3,"0.7",1.9,0.563,0.25,0.788,111.583632,2.1336,2026,"C"
"Asa Newell","ATL","44",20,16.3,1.9,6.9,3.2,3.7,1.7,"1.2",1.1,0.538,0.387,0.552,99.79024,2.0828,2026,"PF"
"Ausar Thompson","DET","73",23,13.7,4.3,7.9,2.8,5.1,2.1,"2.8",1.3,0.525,0.25,0.571,92.98636,2.0066,2026,"SF"
"Austin Reaves","LAL","51",28,24.3,5.7,4.9,0.7,4.2,3.1,"1.1",0.4,0.49,0.36,0.871,89.357624,1.9558,2026,"SG"
"Ayo Dosunmu","MIN","69",26,19.6,4.8,4.5,0.9,3.6,1.8,"1.1",0.3,0.517,0.439,0.876,91.171992,1.9304,2026,"SG"
"Bam Adebayo","MIA","73",28,22.3,3.5,11.1,2.3,8.9,1.8,"1.3",0.7,0.442,0.318,0.778,115.66596,2.0574,2026,"C"
"Baylor Scheierman","BOS","77",25,10.8,2.9,6.8,1.4,5.3,1.2,"1.1",0.2,0.453,0.399,0.903,92.98636,1.9812,2026,"SG"
"Ben Saraf","BKN","44",20,13,5.7,3.6,0.8,2.8,3.9,"1.5",0.3,0.396,0.211,0.83,90.7184,1.9812,2026,"SG"
"Ben Sheppard","IND","65",24,11.9,3,5,1.1,3.9,1.1,"1",0.2,0.434,0.362,0.765,86.18248,1.9812,2026,"SG"
"Bennedict Mathurin","LAC","54",23,21.1,2.9,6.5,1.2,5.3,2.6,"1",0.3,0.43,0.315,0.869,95.25432,1.9558,2026,"SG"
"Bez Mbeng","UTA","15",23,8.9,4.5,4.2,1.3,2.9,1.6,"2.5",0.4,0.5,0.194,0.64,83.91452,1.9304,2026,"SG"
"Bilal Coulibaly","WAS","56",21,16.1,3.6,6,1.2,4.8,2,"1.8",1.3,0.425,0.319,0.746,88.45044,2.0066,2026,"SG"
"Bismack Biyombo","SAS","25",33,5.9,1.3,6.6,1.3,5.3,2,"1",0.5,0.6,0,0.714,115.66596,2.032,2026,"C"
"Blake Hinson","UTA","14",26,21.1,2,4.2,1.4,2.8,0.6,"0.6",0.3,0.513,0.468,0.75,104.32616,2.032,2026,"SF"
"Blake Wesley","POR","31",23,14.8,6.2,3.9,0.8,3.1,3.1,"1.6",0.5,0.452,0.278,0.553,86.18248,1.9304,2026,"SG"
"Bobby Portis","MIL","67",31,20.3,2.3,9.5,2,7.5,1.5,"0.9",0.3,0.488,0.456,0.706,113.398,2.0574,2026,"C"
"Bobi Klintman","DET","12",23,11.1,3,9.6,2.5,7.1,3,"1.5",0,0.333,0.308,0,102.0582,2.0574,2026,"SF"
"Bogdan Bogdanović","LAC","23",33,13.6,4.1,4.7,0.5,4.2,2.2,"0.8",0.2,0.388,0.347,0.8,102.0582,1.9558,2026,"SG"
"Bones Hyland","MIN","71",25,18.5,5.8,3.9,0.7,3.2,2.1,"1.3",0.5,0.453,0.388,0.78,76.657048,1.8796,2026,"SG"
"Bradley Beal","LAC","6",32,14.6,3,1.5,0.6,0.9,2.7,"0.9",0,0.375,0.368,0.75,93.893544,1.9304,2026,"SG"
"Branden Carlson","OKC","42",27,17.8,2.1,9.1,2.1,7,1.2,"0.6",2,0.527,0.36,0.577,99.79024,2.1336,2026,"C"
"Brandin Podziemski","GSW","82",23,17.5,4.7,6.5,1.1,5.4,2,"1.4",0.2,0.455,0.371,0.797,92.98636,1.9304,2026,"SG"
"Brandon Clarke","MEM","2",29,14.1,1.8,10.6,7,3.5,0,"3.5",0,0.333,0,0.5,97.52228,2.032,2026,"PF"
"Brandon Ingram","TOR","77",28,22.9,3.9,5.9,0.9,5.1,2.6,"0.8",0.8,0.477,0.382,0.82,86.18248,2.032,2026,"SF"
"Brandon Miller","CHA","65",23,24,4,5.8,1.3,4.6,3,"1.2",0.8,0.435,0.383,0.892,90.7184,2.0066,2026,"SF"
"Brandon Williams","DAL","66",26,21.1,6.3,4.7,0.7,4,3.1,"1.5",0.5,0.472,0.232,0.793,86.18248,1.8542,2026,"PG"
"Brice Sensabaugh","UTA","75",22,22.8,2.9,4.7,1.1,3.6,2.5,"1.1",0.2,0.46,0.367,0.826,106.59412,1.9812,2026,"SF"
"Bronny James","LAL","42",21,11.7,4.9,2.2,0.5,1.7,2.4,"1.8",0.4,0.409,0.386,0.857,95.25432,1.8796,2026,"SG"
"Brook Lopez","LAC","75",38,14,2.1,6,1,5,1.3,"1",1.9,0.428,0.36,0.757,127.912944,2.159,2026,"C"
"Brooks Barnhizer","OKC","40",24,7,2.3,8.1,2,6.1,1,"1.1",0.5,0.38,0.292,0.7,104.32616,1.9558,2026,"SG"
"Bruce Brown","DEN","82",29,11.7,3.1,5.7,1.5,4.2,1.6,"1.5",0.4,0.475,0.385,0.762,91.625584,1.9304,2026,"SF"
"Bryce McGowens","NOP","42",23,13.9,2.5,3.6,0.5,3.1,0.7,"1.1",0.3,0.481,0.409,0.779,86.18248,1.9812,2026,"SG"
"Bub Carrington","WAS","82",20,13.9,6,4.4,0.5,3.9,3,"0.8",0.3,0.424,0.408,0.73,86.18248,1.9304,2026,"PG"
"Buddy Boeheim","OKC","4",26,14.4,0,0,0,0,0,"0",0,0.333,0.333,0,92.98636,1.9558,2026,"SF"
"Buddy Hield","ATL","51",33,17.1,3.1,5.1,1.2,3.9,2.1,"1.7",0.4,0.437,0.349,0.811,99.79024,1.9304,2026,"SG"
"CJ Huntley","PHX","4",24,10.7,1.8,4.5,1.8,2.7,0,"0.9",0,0.545,0,0,104.32616,2.1082,2026,"SF"
"CJ McCollum","ATL","76",34,22.6,4.7,4,1,3,2.1,"1",0.6,0.455,0.375,0.772,86.18248,1.905,2026,"PG"
"Cade Cunningham","DET","64",24,25.4,10.5,5.9,0.9,5,3.9,"1.5",0.9,0.461,0.342,0.812,99.79024,1.9812,2026,"SG"
"Caleb Houstan","ATL","18",23,20,1.9,5.2,2.4,2.9,1.9,"1",0.5,0.538,0.524,1,92.98636,2.032,2026,"SF"
"Caleb Love","POR","49",24,18.1,4.4,4.1,0.9,3.2,2.2,"1",0.1,0.388,0.318,0.735,96.161504,1.905,2026,"SG"
"Caleb Martin","DAL","58",30,9.5,3.4,6,1.2,4.8,1.7,"1.7",0.6,0.45,0.351,0.607,92.98636,1.9558,2026,"SF"
"Cam Christie","LAC","55",20,11.7,2.3,5.9,1.4,4.4,1.7,"1.2",0.2,0.381,0.245,0.76,86.18248,1.9558,2026,"SG"
"Cam Spencer","MEM","72",26,16.8,8.4,3.8,0.8,3,2,"1.1",0.2,0.473,0.449,0.94,92.98636,1.905,2026,"SG"
"Cam Thomas","MIL","42",24,23.2,4.4,2.9,0.4,2.5,3,"0.4",0.2,0.41,0.31,0.811,95.25432,1.905,2026,"SG"
"Cam Whitmore","WAS","21",21,19.6,1.5,5.9,1.9,4,1.8,"1.5",0.8,0.456,0.286,0.742,104.32616,1.9812,2026,"SF"
"Cameron Johnson","DEN","54",30,14.4,2.9,4.5,0.9,3.6,1,"0.9",0.5,0.48,0.43,0.839,95.25432,2.032,2026,"PF"
"Cameron Payne","PHI","22",31,15.7,5.6,4.2,0.3,3.9,1.1,"2.3",0.7,0.376,0.33,0.864,83.007336,1.8796,2026,"PG"
"Caris LeVert","DET","60",31,13.8,5,3.6,0.7,2.9,2.6,"1.6",1.3,0.417,0.333,0.679,92.98636,2.0066,2026,"SG"
"Carter Bryant","SAS","71",20,13.1,2.1,7.8,1.7,6.2,1.5,"0.7",1,0.408,0.335,0.714,99.79024,1.9812,2026,"PF"
"Cason Wallace","OKC","77",22,11.6,3.5,4.2,1.1,3.1,1.3,"2.6",0.5,0.432,0.351,0.809,88.45044,1.905,2026,"SG"
"Cedric Coward","MEM","62",22,19,3.9,8.2,1.9,6.3,2.4,"0.9",0.6,0.471,0.338,0.843,93.439952,1.9558,2026,"SG"
"Chaney Johnson","BKN","17",23,14.4,3.7,8.2,3.4,4.8,2.1,"1.6",0.9,0.543,0.3,0.8,99.79024,2.0066,2026,"SF"
"Charles Bassey","GSW","13",25,17.9,1.7,13.4,5.4,8,1.4,"0.9",2.6,0.66,0,0.7,104.32616,2.0828,2026,"C"
"Chaz Lanier","DET","34",24,11,2.3,3.2,1.1,2.1,0.4,"1",0,0.315,0.284,0.833,93.439952,1.905,2026,"SG"
"Chet Holmgren","OKC","69",24,21.3,2.1,11.1,2.3,8.7,1.9,"0.8",2.4,0.557,0.362,0.792,94.347136,2.159,2026,"PF"
"Chris Boucher","BOS","9",33,8,1.1,6.9,0.8,6.1,0.4,"1.9",2.7,0.32,0.133,0.75,90.7184,2.032,2026,"SF"
"Chris Livingston","CLE","3",22,18.6,2.1,6.2,0,6.2,0,"2.1",0,0.571,0,1,99.79024,1.9812,2026,"SF"
"Chris Mañon","LAL","9",24,5.5,2.3,7.8,1.6,6.2,0.8,"3.9",1.6,0.333,0,0.75,94.800728,1.9304,2026,"SG"
"Chris Paul","LAC","16",41,7.4,8.4,4.4,0.9,3.5,2.5,"1.7",0,0.321,0.333,0.5,79.3786,1.8288,2026,"PG"
"Chris Youngblood","POR","34",24,13.8,2.3,5.4,1.4,4.1,0.4,"0.8",0.6,0.349,0.333,0.9,100.24,1.9304,2026,"SG"
"Christian Braun","DEN","44",25,13.5,3.1,5.4,1.6,3.9,1.1,"0.8",0.3,0.519,0.301,0.782,99.79024,1.9812,2026,"SG"
"Christian Koloko","ATL","27",25,7.4,1.8,8.2,3.1,5,1.6,"1.4",2.3,0.419,0.111,0.667,102.0582,2.1082,2026,"C"
"Chucky Hepburn","TOR","2",23,0,5.4,2.7,0,2.7,2.7,"2.7",0,0,0,0,86.18248,1.8288,2026,"PG"
"Clint Capela","HOU","75",32,11,1.9,13.4,6.2,7.2,1.6,"1.4",2.5,0.52,0.5,0.577,116.119552,2.0828,2026,"C"
"Coby White","CHA","50",26,25,5.8,4.9,0.5,4.4,3.7,"0.7",0.1,0.446,0.362,0.817,95.25432,1.9304,2026,"PG"
"Cody Martin","IND","4",30,4.6,1.3,9.1,0.7,8.5,2.6,"2.6",1.3,0.2,0,0.5,92.98636,1.9812,2026,"SF"
"Cody Williams","UTA","67",21,13,3,4.4,1.3,3,1.6,"1.1",0.6,0.468,0.214,0.706,86.18248,2.032,2026,"SG"
"Colby Jones","DET","1",24,10.6,10.6,21.1,0,21.1,0,"0",0,0.333,0,0,93.893544,1.9812,2026,"SG"
"Cole Anthony","MIL","35",26,16,8.3,5.9,1.1,4.9,4.4,"1.4",0.8,0.424,0.306,0.615,83.91452,1.8796,2026,"PG"
"Colin Castleton","ORL","4",26,8.4,1.7,13.5,3.4,10.1,3.4,"1.7",0,0.4,0,1,113.398,2.0828,2026,"C"
"Collin Gillespie","PHX","80",26,16,5.9,5.2,1.4,3.8,2,"1.6",0.3,0.418,0.401,0.874,88.45044,1.8542,2026,"PG"
"Collin Murray-Boyles","TOR","57",21,14,3.1,8.2,3.8,4.4,1.7,"1.5",1.5,0.579,0.34,0.657,111.13004,2.0066,2026,"PF"
"Collin Sexton","CHI","68",27,23.4,5,3.5,0.9,2.5,3.1,"1.7",0.2,0.485,0.401,0.855,86.18248,1.905,2026,"SG"
"Cooper Flagg","DAL","70",19,22.6,4.9,7.2,1.3,5.8,2.5,"1.3",1,0.468,0.295,0.827,92.98636,2.0574,2026,"SF"
"Corey Kispert","ATL","58",27,17.7,3.1,4.4,0.9,3.5,1.5,"0.5",0.3,0.467,0.367,0.794,101.604608,1.9812,2026,"SF"
"Cormac Ryan","MIL","11",27,20.9,2.5,3.7,1.1,2.7,2.3,"1.5",0.4,0.52,0.458,0.923,92.98636,1.9558,2026,"SG"
"Craig Porter Jr.","CLE","64",26,9.1,6.4,6.9,2.7,4.2,1.9,"1.8",1.2,0.45,0.355,0.6,81.64656,1.8542,2026,"PG"
"Curtis Jones","DEN","10",24,11.9,4.1,4.5,0.8,3.7,0.8,"1.6",0,0.407,0.333,0.5,88.45044,1.905,2026,"SG"
"D'Angelo Russell","WAS","26",30,19.2,7.6,4.4,0.6,3.9,3.6,"0.9",0.1,0.405,0.295,0.717,87.543256,1.905,2026,"PG"
"DaQuan Jeffries","SAC","3",28,18.6,0.6,3,1.8,1.2,0,"1.2",0,0.579,0.444,1,100.697424,1.9558,2026,"SG"
"DaRon Holmes II","DEN","25",23,16,2.7,6,1.4,4.6,2.1,"0.2",1,0.508,0.444,0.786,102.0582,2.0574,2026,"PF"
"Daeqwon Plowden","SAC","32",27,14.7,1.7,4.1,1.4,2.7,1.1,"1",0.3,0.43,0.333,0.857,97.975872,1.9304,2026,"SG"
"Dalano Banton","BOS","6",26,7,6.4,2.9,1.2,1.8,4.7,"1.2",2.9,0.333,0,1,92.079176,2.032,2026,"PG"
"Dalen Terry","PHI","48",23,11.5,4.3,5.6,1.7,3.9,1.7,"1.9",1,0.439,0.364,0.533,95.25432,1.9812,2026,"SG"
"Dalton Knecht","LAL","54",25,14.8,1.4,4.9,0.9,4,1.5,"0.7",0.7,0.455,0.342,0.727,97.52228,1.9812,2026,"SF"
"Daniel Gafford","DAL","55",27,15.8,1.7,11.4,4.2,7.2,1.9,"1.3",2.1,0.655,0,0.683,120.20188,2.0828,2026,"C"
"Daniss Jenkins","DET","72",24,16.6,6.9,4.1,1.3,2.8,2.8,"1.6",0.4,0.408,0.374,0.832,74.84268,1.9304,2026,"PG"
"Danny Wolf","BKN","57",22,15.4,3.9,8.5,1.7,6.8,2.2,"0.9",1,0.405,0.322,0.771,113.398,2.1082,2026,"PF"
"Dario Saric","SAC","5",32,4.4,1.7,5.2,0.9,4.4,1.7,"0",0,0.167,0.333,1,102.0582,2.0828,2026,"C"
"Dariq Whitehead","MEM","6",21,19.3,1.8,4.7,0.4,4.3,2,"0.8",0,0.398,0.317,0.714,99.79024,1.9812,2026,"SF"
"Darius Brown","CLE","1",26,0,0,13.5,0,13.5,0,"0",0,0,0,0,87.089664,1.8796,2026,"SG"
"Darius Garland","LAC","45",26,22.6,8.1,2.9,0.5,2.4,3.5,"1.2",0.2,0.46,0.396,0.861,87.089664,1.8542,2026,"PG"
"David Jones Garcia","SAS","11",24,16.9,9.5,6.9,2.1,4.8,2.6,"3.2",0.5,0.52,0.6,0.5,95.25432,1.9304,2026,"SF"
"David Roddy","DEN","5",25,19.7,2,9.9,3.9,5.9,1,"2",0.5,0.5,0.273,1,115.66596,1.9558,2026,"PF"
"Davion Mitchell","MIA","70",27,11.8,8.2,3.4,0.6,2.8,1.9,"1.2",0.2,0.49,0.395,0.646,91.625584,1.8288,2026,"PG"
"Day'Ron Sharpe","BKN","62",24,16.8,4.5,12.8,5.3,7.5,3.3,"2.1",0.8,0.601,0.231,0.678,120.20188,2.0828,2026,"PF"
"De'Aaron Fox","SAS","72",28,21.6,7.2,4.4,0.7,3.7,2.6,"1.4",0.3,0.486,0.332,0.76,83.91452,1.905,2026,"PG"
"De'Andre Hunter","SAC","45",28,18.8,2.8,5.7,0.9,4.7,2.3,"0.9",0.2,0.415,0.305,0.867,100.243832,2.0066,2026,"SF"
"De'Anthony Melton","GSW","49",28,19.3,4,5.1,1.2,3.8,2.9,"2.5",0.6,0.407,0.294,0.826,90.7184,1.8796,2026,"SG"
"DeAndre Jordan","NOP","12",37,9.6,2,13.8,4.7,9.1,1.6,"0.7",1.8,0.656,0,0.647,120.20188,2.1082,2026,"C"
"DeJon Jarreau","MEM","11",28,13.7,5.6,8,1.9,6.1,4.1,"1.6",1.2,0.398,0.133,0.783,83.91452,1.9558,2026,"SG"
"DeMar DeRozan","SAC","77",36,21.2,4.7,3.4,0.5,2.9,1.4,"1.2",0.3,0.497,0.32,0.868,99.79024,1.9812,2026,"PF"
"Dean Wade","CLE","59",29,9.3,2.4,6.7,1.4,5.3,0.4,"1.2",0.6,0.439,0.362,0.711,103.418976,2.0574,2026,"PF"
"Deandre Ayton","LAL","72",27,16.5,1.1,10.6,3.4,7.2,1.5,"0.8",1.3,0.671,0,0.645,114.305184,2.1336,2026,"C"
"Dejounte Murray","NOP","14",29,21.6,8.2,6.9,0.4,6.6,4.3,"2.1",0.3,0.484,0.306,0.867,81.64656,1.9304,2026,"PG"
"Deni Avdija","POR","66",25,26.2,7.2,7.4,1.2,6.2,4.1,"0.8",0.7,0.462,0.318,0.802,103.418976,2.032,2026,"SF"
"Dennis Schröder","CLE","70",32,16,7.2,4,0.7,3.3,2.6,"1.2",0.2,0.405,0.329,0.834,79.3786,1.8542,2026,"PG"
"Dereck Lively II","DAL","7",22,9.4,4.1,11.6,4.4,7.2,3.1,"1.2",3.4,0.611,0,0.8,104.32616,2.159,2026,"C"
"Derik Queen","NOP","81",21,16.9,5.3,10.2,2.4,7.8,3.4,"1.5",1.3,0.473,0.261,0.795,113.398,2.0574,2026,"C"
"Derrick Jones Jr.","LAC","50",29,13.4,1.8,4.6,1.6,3,1.1,"1.2",1.3,0.499,0.359,0.763,95.25432,1.9812,2026,"PF"
"Derrick White","BOS","77",31,17.4,5.7,4.6,1.2,3.5,1.8,"1.2",1.3,0.394,0.327,0.902,86.18248,1.9304,2026,"SG"
"Desmond Bane","ORL","82",27,21.5,4.4,4.4,1.3,3.1,2.1,"1.1",0.5,0.484,0.391,0.908,97.52228,1.9812,2026,"SG"
"Devin Booker","PHX","64",29,28,6.5,4.2,0.8,3.4,3.4,"0.9",0.3,0.456,0.33,0.873,93.439952,1.9558,2026,"SG"
"Devin Carter","SAC","38",24,17.4,5.2,6.4,1.9,4.6,2.8,"1.7",0.5,0.414,0.263,0.713,88.45044,1.8796,2026,"PG"
"Devin Vassell","SAS","67",25,16.4,2.9,4.7,0.7,4.1,1.1,"1",0.4,0.437,0.384,0.815,90.7184,1.9558,2026,"SF"
"Dillon Brooks","PHX","56",30,23.9,2.1,4.3,0.9,3.4,2.1,"1.2",0.2,0.435,0.344,0.842,102.0582,2.0066,2026,"SF"
"Dillon Jones","NYK","7",24,8.2,3.7,6.4,1.8,4.6,0,"2.7",0,0.222,0.2,1,106.59412,1.9558,2026,"SF"
"Domantas Sabonis","SAC","19",30,19.2,5,13.8,4.1,9.7,3.3,"1.1",0.3,0.543,0.185,0.727,108.86208,2.0828,2026,"PF"
"Dominick Barlow","PHI","71",23,11.6,1.9,7.2,2.8,4.4,1.2,"1.3",1.1,0.539,0.256,0.718,101.604608,2.0574,2026,"PF"
"Donovan Clingan","POR","77",22,16.1,2.8,15.3,6,9.4,1.6,"0.8",2.2,0.52,0.341,0.68,127.00576,2.1844,2026,"C"
"Donovan Mitchell","CLE","70",29,30,6.1,4.9,0.8,4.1,3,"1.6",0.3,0.483,0.364,0.865,97.52228,1.8796,2026,"SG"
"Donte DiVincenzo","MIN","82",29,14.4,4.5,4.8,1,3.9,1.7,"1.5",0.5,0.406,0.379,0.743,92.079176,1.9304,2026,"SG"
"Dorian Finney-Smith","HOU","37",33,7.1,2.1,5.4,2,3.4,1.3,"0.9",0.3,0.333,0.27,0.889,99.79024,2.0066,2026,"PF"
"Doug McDermott","SAC","29",34,13.4,1.8,3,0.6,2.5,1.1,"0.5",0.3,0.388,0.39,0.889,102.0582,2.0066,2026,"PF"
"Drake Powell","BKN","63",20,11.1,2.5,3,0.6,2.5,1.6,"1",0.4,0.402,0.28,0.896,88.45044,1.9558,2026,"SG"
"Draymond Green","GSW","68",36,11,7.2,7.2,1.1,6.2,3.5,"1.2",0.8,0.418,0.326,0.702,104.32616,1.9812,2026,"PF"
"Drew Eubanks","SAC","42",29,14.3,1.2,8.3,2.5,5.7,2,"1",1.7,0.596,0.143,0.561,111.13004,2.0828,2026,"C"
"Drew Peterson","CHA","6",26,2.8,1.1,5,1.7,3.4,0,"1.7",0.6,0.125,0,0.5,92.98636,2.032,2026,"PF"
"Drew Timme","LAL","27",25,14.1,3.5,5.1,1.5,3.5,2,"0.9",0,0.576,0.44,0.556,106.59412,2.0574,2026,"PF"
"Dru Smith","MIA","70",28,12.5,5.7,5.5,2,3.5,1.7,"3.2",0.7,0.415,0.295,0.829,92.079176,1.8796,2026,"SG"
"Duncan Robinson","DET","77",32,16,2.7,3.5,0.5,3,0.9,"0.7",0.4,0.456,0.41,0.755,97.52228,2.0066,2026,"SG"
"Duop Reath","POR","32",29,13.1,1.4,5.3,1.4,3.9,1,"0.7",1.1,0.446,0.418,0.833,111.13004,2.0574,2026,"C"
"Dwight Powell","DAL","63",34,8.4,2.7,10.2,3.8,6.4,1.6,"1.4",0.8,0.644,0.286,0.696,108.86208,2.0828,2026,"C"
"Dylan Cardwell","SAC","44",24,9.5,2.5,13.2,5.8,7.3,1.5,"1.2",2.7,0.587,0.5,0.51,115.66596,2.0828,2026,"C"
"Dylan Harper","SAS","69",20,18.8,6.1,5.4,1.2,4.2,2.3,"1.2",0.6,0.505,0.343,0.756,97.52228,1.9558,2026,"SG"
"Dyson Daniels","ATL","76",23,12.9,6.4,7.4,2.6,4.8,1.9,"2.1",0.4,0.517,0.188,0.615,90.264808,2.0066,2026,"PG"
"E.J. Liddell","BKN","26",25,15.2,2.5,7.1,1.4,5.7,1.5,"0.6",1,0.486,0.346,0.808,108.86208,1.9812,2026,"PF"
"Egor Dëmin","BKN","52",20,14.7,4.8,4.5,0.6,4,2.4,"1.2",0.5,0.399,0.385,0.831,90.7184,2.032,2026,"PG"
"Elijah Harkless","UTA","26",26,11.8,5,3.5,0.7,2.8,1.7,"2",0.4,0.335,0.239,0.766,88.45044,1.905,2026,"SG"
"Emanuel Miller","SAS","5",25,16.3,4.4,3.3,1.1,2.2,0,"2.2",0,0.462,0.333,0.5,97.52228,1.9558,2026,"PF"
"Enrique Freeman","MIN","4",25,12.6,1.9,9.7,1.9,7.7,1.9,"1.9",2.9,0.5,0.5,0.75,99.79024,2.0574,2026,"PF"
"Eric Gordon","PHI","6",37,16.1,1.5,1,0.5,0.5,1.5,"2",0.5,0.571,0.571,0.5,97.52228,1.905,2026,"SG"
"Ethan Thompson","IND","32",27,12.3,3.1,3.8,0.9,2.9,1.4,"1.1",0.5,0.378,0.328,0.787,88.45044,1.9304,2026,"SG"
"Evan Mobley","CLE","65",24,20.5,4.1,10.2,2.7,7.5,2.1,"0.8",2,0.546,0.297,0.606,97.52228,2.1082,2026,"PF"
"Franz Wagner","ORL","34",24,24.7,4,6.3,1.5,4.7,2,"1.1",0.4,0.481,0.345,0.823,99.79024,2.0828,2026,"SF"
"GG Jackson","MEM","55",21,21,2.5,7.2,1.5,5.7,2.6,"0.9",1.3,0.496,0.332,0.742,95.25432,2.0574,2026,"PF"
"Gabe Vincent","ATL","53",29,9.5,3.1,2.2,0.7,1.5,1.1,"1.1",0.1,0.352,0.341,0.87,90.7184,1.8796,2026,"PG"
"Garrett Temple","TOR","22",40,8.4,4.4,4.4,0.5,3.9,3.5,"2",1,0.267,0.25,0.667,88.45044,1.9558,2026,"SG"
"Garrison Mathews","IND","15",29,14.3,1.8,3.1,0.4,2.8,0.6,"1.1",0.6,0.404,0.37,0.826,97.52228,1.9558,2026,"SG"
"Gary Harris","MIL","48",31,7,2.8,3.3,0.9,2.5,1,"1.5",0.5,0.442,0.412,0.889,95.25432,1.9304,2026,"SG"
"Gary Payton II","GSW","73",33,17.2,3.9,8.4,3.2,5.2,2,"2.1",0.7,0.583,0.291,0.65,88.45044,1.8796,2026,"SG"
"Gary Trent Jr.","MIL","65",27,13.8,2.1,1.8,0.2,1.5,1.1,"0.9",0.1,0.387,0.36,0.769,92.532768,1.9558,2026,"SG"
"Giannis Antetokounmpo","MIL","36",31,34.4,6.8,12.2,3.4,8.8,4,"1.2",0.8,0.624,0.333,0.65,110.222856,2.1082,2026,"PF"
"Goga Bitadze","ORL","64",26,13.9,3.1,11.9,5.1,6.8,1.6,"1.4",2.3,0.676,0.182,0.711,113.398,2.1082,2026,"C"
"Gradey Dick","TOR","76",22,15.4,1.7,5,1.4,3.5,1.4,"1.5",0.2,0.419,0.301,0.875,90.7184,2.0066,2026,"SG"
"Grant Nelson","BKN","4",24,17.5,5.1,6.2,1,5.1,4.1,"1",5.1,0.556,0,0.7,97.52228,2.1336,2026,"PF"
"Grant Williams","CHA","36",27,12.8,2.8,7.2,2.3,4.9,1.6,"0.9",0.9,0.426,0.388,0.815,107.047712,2.0066,2026,"PF"
"Grayson Allen","PHX","51",30,20.6,4.8,3.8,0.9,2.9,2,"1.7",0.3,0.403,0.349,0.857,89.811216,1.905,2026,"SG"
"Guerschon Yabusele","CHI","67",30,13.3,2.3,8.4,2,6.4,1.5,"0.9",0.6,0.401,0.352,0.75,120.20188,2.0066,2026,"C"
"Gui Santos","GSW","68",23,16.1,4.1,6.9,1.9,4.9,2.6,"1.6",0.6,0.5,0.351,0.725,83.91452,2.0066,2026,"PF"
"Harrison Barnes","SAS","77",34,13.9,2.7,3.9,1.1,2.7,1.1,"0.9",0.2,0.456,0.388,0.829,102.0582,2.0066,2026,"PF"
"Harrison Ingram","SAS","7",23,15.2,1.4,4.1,4.1,0,1.4,"0",0,0.833,1,0,104.32616,1.9558,2026,"SF"
"Hayden Gray","UTA","1",23,8.7,1.5,0,0,0,1.5,"1.5",1.5,0.667,0,1,86.18248,1.9304,2026,"SG"
"Haywood Highsmith","PHX","7",29,15.1,2.8,5.2,2.4,2.8,0,"1.6",0,0.522,0.571,0.857,99.79024,1.9558,2026,"SF"
"Herbert Jones","NOP","56",27,11.2,3.5,4.3,1.1,3.2,1.7,"2",0.6,0.383,0.309,0.806,93.439952,2.0066,2026,"PF"
"Hugo González","BOS","74",20,9.6,1.3,8.2,2.1,6.1,1.3,"1.4",0.7,0.476,0.362,0.5,90.7184,1.9812,2026,"SF"
"Hunter Dickinson","NOP","5",25,10.2,1.7,4.2,1.7,2.5,2.5,"0.8",1.7,0.357,0,1,115.66596,2.159,2026,"C"
"Hunter Sallis","PHI","7",23,9.8,5.6,1.4,0,1.4,7,"0",1.4,0.6,0,0.5,83.91452,1.9304,2026,"SG"
"Hunter Tyson","DEN","21",26,10.2,3.8,8,0.9,7.1,1.1,"0.4",0.2,0.269,0.212,0.846,97.52228,2.032,2026,"PF"
"Immanuel Quickley","TOR","70",26,18.6,6.7,4.5,0.6,3.9,1.6,"1.5",0.1,0.443,0.374,0.821,86.18248,1.8796,2026,"PG"
"Isaac Jones","DET","7",25,9.1,1,5,2,3,1,"0",1,0.429,0,0.75,111.13004,2.032,2026,"PF"
"Isaac Okoro","CHI","63",25,12.4,2.1,3.7,1.5,2.2,1,"1",0.6,0.46,0.33,0.795,102.0582,1.9304,2026,"SF"
"Isaiah Collier","UTA","59",21,16.3,10,3.6,0.5,3.1,3.5,"1.6",0.5,0.495,0.27,0.722,95.25432,1.9304,2026,"PG"
"Isaiah Crawford","HOU","14",24,10.9,2,6.3,1.2,5.1,1.6,"0.8",1.2,0.417,0.231,0.833,99.79024,1.9812,2026,"SF"
"Isaiah Hartenstein","OKC","47",28,13.7,5.3,14,4.7,9.3,2.6,"1.5",1.1,0.622,0,0.61,113.398,2.1336,2026,"C"
"Isaiah Jackson","LAC","55",24,14.7,2.1,11.5,4.5,7,2.3,"1.4",1.9,0.637,0,0.648,92.98636,2.032,2026,"C"
"Isaiah Joe","OKC","71",26,18.7,2.2,4.3,0.8,3.5,1.1,"1.2",0.3,0.455,0.423,0.894,74.84268,1.9304,2026,"SG"
"Isaiah Livers","PHX","36",27,6.7,2.2,6.3,2,4.4,1.2,"1.3",0.8,0.344,0.3,0.75,105.233344,1.9812,2026,"SF"
"Isaiah Stevens","SAC","3",25,8.4,8.4,2.5,1.7,0.8,1.7,"4.2",0,0.429,0,1,83.91452,1.8034,2026,"PG"
"Isaiah Stewart","DET","58",25,15.9,1.8,7.9,2.6,5.3,1.8,"0.4",2.5,0.55,0.333,0.756,113.398,2.032,2026,"C"
"Ivica Zubac","IND","48",29,16.8,2.6,12.7,4,8.6,2.1,"0.4",1,0.598,0,0.711,108.86208,2.1336,2026,"C"
"JD Davison","HOU","28",23,11.4,5.8,5.6,0.5,5.1,1.2,"1",1,0.375,0.25,0.684,88.45044,1.8542,2026,"SG"
"Ja Morant","MEM","20",26,24.6,10.2,4.1,0.5,3.6,4.5,"1.3",0.4,0.41,0.235,0.897,78.925008,1.8796,2026,"PG"
"Ja'Kobe Walter","TOR","72",21,13.2,2.1,4.5,1.4,3.2,0.9,"1.8",0.3,0.446,0.409,0.789,81.64656,1.9304,2026,"SG"
"Jabari Smith Jr.","HOU","77",23,16.2,1.9,7,1.4,5.6,1.4,"0.7",0.9,0.449,0.363,0.775,99.79024,2.1082,2026,"PF"
"Jabari Walker","PHI","64",23,13,1.6,9.1,3.4,5.7,1.3,"1.1",0.6,0.455,0.337,0.735,107.501304,2.0066,2026,"PF"
"Jacob Toppin","ATL","5",26,17.1,2.1,2.1,0,2.1,0,"0",2.1,0.667,0,0,90.7184,2.0574,2026,"SF"
"Jaden Hardy","WAS","57",23,21,2.3,3.4,0.6,2.8,2.5,"0.6",0.2,0.424,0.397,0.733,89.811216,1.905,2026,"SG"
"Jaden Ivey","CHI","37",24,17,3.7,4.9,1.3,3.6,2.2,"1.2",0.8,0.445,0.373,0.809,88.45044,1.905,2026,"SG"
"Jaden McDaniels","MIN","73",25,16.8,3.1,4.8,1.2,3.6,2,"1.3",1.1,0.515,0.412,0.835,83.91452,2.0574,2026,"PF"
"Jae'Sean Tate","HOU","46",30,11.5,2.2,6.5,2.9,3.6,1.4,"0.9",0.3,0.514,0.313,0.636,104.32616,1.9304,2026,"PF"
"Jahmai Mashack","MEM","31",23,10.3,3.7,4.3,1.2,3.1,2.6,"2",0.7,0.395,0.253,0.543,92.079176,1.9304,2026,"SG"
"Jahmir Young","MIA","14",25,15.5,5.6,2.5,1.2,1.2,1.9,"0.6",0,0.4,0.333,1,83.91452,1.8288,2026,"PG"
"Jahmyl Telfort","LAC","8",25,1.1,1.1,3.4,0,3.4,1.1,"1.1",0,0,0,0.25,99.79,2.0066,2026,"PF"
"Jaime Jaquez Jr.","MIA","75",25,19.6,6,6.4,1.6,4.7,2.6,"0.9",0.4,0.507,0.317,0.769,102.0582,1.9812,2026,"SF"
"Jake LaRavia","LAL","82",24,11.8,2.5,5.7,2,3.7,1.5,"1.8",0.7,0.459,0.321,0.763,106.59412,2.0066,2026,"PF"
"Jakob Poeltl","TOR","46",30,15.4,2.9,10.1,3.6,6.5,1.8,"1.3",1,0.7,0,0.602,114.758776,2.1336,2026,"C"
"Jalen Brunson","NYK","74",29,26.8,7,3.4,0.4,3,2.4,"0.8",0.1,0.467,0.369,0.841,86.18248,1.8796,2026,"SG"
"Jalen Duren","DET","70",22,24.9,2.5,13.4,4.8,8.6,2.4,"1",1.1,0.65,0,0.747,113.398,2.0828,2026,"C"
"Jalen Green","PHX","32",24,24.7,4,5,0.7,4.3,3.1,"1.5",0.3,0.422,0.313,0.747,84.368112,1.9304,2026,"SG"
"Jalen Johnson","ATL","72",24,23.1,8,10.5,1.4,9.1,3.5,"1.3",0.4,0.489,0.352,0.788,99.336648,2.032,2026,"PF"
"Jalen Pickett","DEN","50",26,11.6,5.1,5.1,0.8,4.3,1.5,"0.6",0.2,0.422,0.386,0.789,91.625584,1.8796,2026,"SG"
"Jalen Slawson","IND","13",26,11,4.2,6.6,0.8,5.8,2,"2.3",1.6,0.442,0.375,0.706,97.52228,2.0066,2026,"SF"
"Jalen Smith","CHI","53",26,17.8,2.1,11.7,3.2,8.4,1.7,"0.8",1.4,0.483,0.373,0.742,110.676448,2.032,2026,"PF"
"Jalen Suggs","ORL","57",25,18,7.1,5,0.8,4.2,3.5,"2.4",0.9,0.435,0.339,0.855,92.98636,1.9558,2026,"PG"
"Jalen Williams","OKC","33",25,21.7,7,5.9,1,4.8,2.4,"1.5",0.3,0.484,0.299,0.837,95.707912,1.9558,2026,"SG"
"Jalen Wilson","BKN","54",25,14.4,2.1,4.8,0.7,4.1,1.6,"0.9",0.1,0.396,0.355,0.719,99.79024,1.9812,2026,"PF"
"Jamal Cain","ORL","40",27,15.9,2.1,5.8,2.1,3.7,1.4,"0.8",0.3,0.487,0.384,0.848,86.636072,2.0066,2026,"PF"
"Jamal Murray","DEN","75",29,25.9,7.3,4.5,0.4,4,2.3,"0.9",0.4,0.483,0.435,0.887,97.52228,1.9304,2026,"PG"
"Jamal Shead","TOR","82",23,10.6,8.6,2.8,0.5,2.3,2.2,"1.5",0.3,0.367,0.321,0.784,90.7184,1.8542,2026,"PG"
"Jamaree Bouyea","PHX","46",26,14.7,4.6,4.6,1,3.6,1.7,"1.6",0.9,0.458,0.295,0.686,81.64656,1.8796,2026,"PG"
"James Harden","CLE","70",36,24.4,8.2,5,0.6,4.4,3.6,"1.2",0.4,0.434,0.375,0.884,99.79024,1.9558,2026,"PG"
"James Wiseman","IND","4",25,8,1.8,4.9,3.1,1.8,3.1,"0",0.6,0.6,0,0.5,108.86208,2.1082,2026,"C"
"Jamir Watkins","WAS","50",24,12.8,2.3,6.8,1.7,5.1,1.4,"1.9",0.9,0.446,0.297,0.695,95.25432,1.9812,2026,"SG"
"Jamison Battle","TOR","61",25,13.4,1.7,6.2,1.4,4.8,1.3,"0.5",0.2,0.51,0.412,0.643,99.79024,2.0066,2026,"SF"
"Jarace Walker","IND","76",22,16.3,3.5,7.2,0.9,6.3,2.6,"1.2",0.5,0.419,0.374,0.749,106.59412,2.0066,2026,"PF"
"Jared McCain","OKC","67",22,17.3,2.8,4.3,0.7,3.5,1.7,"1.1",0.2,0.425,0.385,0.864,88.45044,1.905,2026,"SG"
"Jaren Jackson Jr.","UTA","48",26,23,2.3,6.7,1,5.7,2.6,"1.3",1.7,0.476,0.357,0.803,109.769264,2.0828,2026,"PF"
"Jarred Vanderbilt","LAL","65",27,9.2,2.7,9.3,2.6,6.8,1.8,"1.8",0.6,0.471,0.293,0.589,97.068688,2.032,2026,"PF"
"Jarrett Allen","CLE","56",28,20.4,2.4,11.3,3.4,7.9,1.8,"1.3",1.1,0.638,0.1,0.709,110.222856,2.0574,2026,"C"
"Jase Richardson","ORL","54",20,14.7,3.6,3.9,1.3,2.6,1.5,"1.2",0.1,0.473,0.354,0.717,81.64656,1.8542,2026,"SG"
"Javon Small","MEM","41",23,17.2,6.6,5.6,1.6,4,2.4,"1.5",0.4,0.465,0.423,0.829,86.18248,1.8542,2026,"PG"
"Javonte Cooke","POR","19",26,8.8,2.7,7.3,1.5,5.8,3.5,"2.3",0,0.22,0.13,1,83.91452,1.9812,2026,"SG"
"Javonte Green","DET","82",32,14.2,1.4,5.7,1.5,4.2,1.1,"2.5",0.6,0.447,0.381,0.84,92.98636,1.9558,2026,"SF"
"Jaxson Hayes","LAL","66",26,14.8,1.8,8.1,3,5.1,0.9,"0.9",1.6,0.756,1,0.653,99.79024,2.1336,2026,"C"
"Jay Huff","IND","82",28,16.4,2.5,6.8,1.5,5.3,1.6,"0.9",3.2,0.476,0.319,0.828,108.86208,2.159,2026,"C"
"Jaylen Brown","BOS","71",29,30,5.4,7.3,1.2,6.1,3.8,"1.1",0.4,0.477,0.347,0.795,101.151016,1.9812,2026,"SF"
"Jaylen Clark","MIN","68",24,11.2,1.7,4.9,2.2,2.7,0.9,"1.9",0.4,0.434,0.327,0.657,92.98636,1.9558,2026,"SG"
"Jaylen Wells","MEM","69",22,17.1,2.2,4.4,1.2,3.1,1.5,"1.2",0.2,0.431,0.353,0.784,92.99,2.0066,2026,"SG"
"Jaylin Williams","OKC","65",23,13.2,4.5,10.1,0.9,9.2,1.9,"0.9",1.2,0.423,0.383,0.793,108.86208,2.0574,2026,"C"
"Jaylon Tyson","CLE","66",23,17.7,3,6.8,2.4,4.5,2,"1.1",0.6,0.493,0.446,0.738,97.52228,1.9812,2026,"SG"
"Jayson Kent","POR","5",24,16,0,8,0,8,0,"1.6",1.6,0.571,0.25,1,97.52228,2.032,2026,"SF"
"Jayson Tatum","BOS","16",28,24,5.9,11,0.6,10.5,2.7,"1.5",0.2,0.411,0.329,0.823,95.25432,2.032,2026,"SF"
"Jeff Green","HOU","30",39,13.8,1.6,5.1,1.4,3.7,0.8,"0.4",0.4,0.368,0.273,1,106.59412,2.032,2026,"PF"
"Jerami Grant","POR","57",32,22.5,2.6,4.2,1.2,3,2.5,"0.9",0.8,0.453,0.389,0.814,96.615096,2.0066,2026,"PF"
"Jeremiah Fears","NOP","82",19,19.9,4.8,5.1,1,4.1,3,"1.7",0.5,0.434,0.33,0.789,86.18248,1.905,2026,"PG"
"Jeremiah Robinson-Earl","DAL","22",25,10.1,1.5,10.3,3.6,6.7,1.2,"0.9",0.1,0.37,0.244,0.944,108.86208,2.0574,2026,"C"
"Jeremy Sochan","NYK","44",23,12.1,3.1,8.2,2.8,5.4,1.6,"1.3",0.5,0.496,0.244,0.731,104.32616,2.032,2026,"PF"
"Jericho Sims","MIL","67",27,9.1,2.8,10.1,4,6.1,2,"0.5",0.5,0.784,0,0.62,113.398,2.0828,2026,"PF"
"Jett Howard","ORL","55",22,15.6,2.3,4.5,1.2,3.3,0.8,"0.5",0.6,0.418,0.372,0.949,97.52228,2.032,2026,"SF"
"Jevon Carter","ORL","53",30,14.1,3.6,3.7,0.6,3.1,1.5,"1.7",0.4,0.401,0.363,0.789,86.18248,1.8288,2026,"PG"
"Jimmy Butler III","GSW","38",36,23.2,5.6,6.4,2.7,3.7,1.8,"1.7",0.2,0.519,0.376,0.864,104.32616,1.9812,2026,"SF"
"Joan Beringer","MIN","40",19,17.9,1.4,10.5,5.2,5.4,1.3,"0.8",3,0.663,0,0.703,104.32616,2.1082,2026,"PF"
"Jock Landale","ATL","68",30,17.2,2.7,9.3,4.4,4.9,1.4,"0.8",0.9,0.515,0.383,0.635,115.66596,2.1082,2026,"C"
"Joe Ingles","MIN","27",38,9.7,8,4.5,0,4.5,3.3,"2.1",0.5,0.593,0.438,1,99.79024,2.032,2026,"SF"
"Joel Embiid","PHI","38",32,30.6,4.5,8.8,2.2,6.5,3.3,"0.6",1.4,0.489,0.333,0.854,122.46984,2.1336,2026,"C"
"John Collins","LAC","69",28,18,1.3,7.1,2.1,4.9,1.8,"1.2",1,0.552,0.406,0.766,102.511792,2.0574,2026,"PF"
"John Konchar","UTA","56",30,8,3.8,7.8,2.4,5.4,1.1,"2.7",1.2,0.472,0.283,0.727,95.25432,1.9558,2026,"SG"
"John Poulakidas","DAL","13",23,16.3,1.6,4.3,0.6,3.7,0.6,"1",0.6,0.429,0.403,0.857,92.98636,1.9812,2026,"SG"
"John Tonje","BOS","6",25,12.9,1.7,5.2,0,5.2,0,"1.7",0,0.286,0.3,1,98.883056,1.9304,2026,"SG"
"Johni Broome","PHI","11",23,6.6,2.6,10.5,4.6,5.9,2,"2",1.3,0.167,0,0.333,110.676448,2.0574,2026,"C"
"Johnny Furphy","IND","35",21,10.1,2.3,8.6,1.8,6.8,1.6,"1.1",0.4,0.47,0.324,0.486,90.7184,2.032,2026,"SG"
"Johnny Juzang","MIN","21",25,17.7,2.5,7,2.1,4.9,2.1,"0.8",0.4,0.421,0.25,0.625,102.511792,2.0066,2026,"SG"
"Jonas Valančiūnas","DEN","65",34,23.4,3.2,13.6,4.3,9.3,3,"0.6",1.5,0.582,0.308,0.772,120.20188,2.1082,2026,"C"
"Jonathan Isaac","ORL","52",28,9.3,1.5,9.1,3,6.2,1.2,"1.4",2.1,0.422,0.184,0.603,104.32616,2.0828,2026,"PF"
"Jonathan Kuminga","ATL","36",23,19,3.6,8.8,2.1,6.6,2.9,"1",0.5,0.463,0.333,0.724,102.0582,2.0066,2026,"SF"
"Jonathan Mogbo","TOR","40",24,8.8,3.6,9.8,2.7,7.1,2,"1.6",1.2,0.591,0,0.643,102.0582,2.0574,2026,"PF"
"Jordan Clarkson","NYK","72",34,17.5,2.7,3.6,1.7,1.8,1.8,"0.8",0.3,0.451,0.327,0.83,87.996848,1.9558,2026,"SG"
"Jordan Goodwin","PHX","70",27,13.9,3.5,7.8,3.2,4.6,1.6,"2.4",0.3,0.413,0.371,0.696,97.52228,1.905,2026,"SG"
"Jordan Hawkins","NOP","51",24,13.4,2.2,4.6,1,3.5,1.8,"0.7",0.5,0.366,0.348,0.852,86.18248,1.9558,2026,"SG"
"Jordan McLaughlin","SAS","44",30,11.4,4.9,4.1,0.9,3.2,1.9,"2.6",0.3,0.418,0.425,0.857,83.91452,1.8034,2026,"PG"
"Jordan Miller","LAC","60",26,16.3,3.7,4.9,1.4,3.6,1.7,"1.2",0.3,0.531,0.345,0.777,87.996848,1.9558,2026,"SF"
"Jordan Poole","NOP","39",26,20.2,4.6,3,0.3,2.6,2.7,"0.8",0.6,0.372,0.333,0.86,87.996848,1.9304,2026,"SG"
"Jordan Walsh","BOS","68",22,10.8,1.6,8.1,2.5,5.6,1,"1.5",0.9,0.509,0.384,0.772,92.98636,1.9812,2026,"PF"
"Jose Alvarado","NYK","69",28,13.4,6.1,4.5,0.7,3.8,2,"1.7",0.2,0.416,0.352,0.761,81.192968,1.8288,2026,"PG"
"Josh Giddey","CHI","54",23,19.1,10.3,9.3,1.4,7.9,4.1,"1.1",0.6,0.448,0.364,0.763,97.068688,2.0066,2026,"SF"
"Josh Green","CHA","58",25,9.9,1.9,4,1.8,2.3,1.4,"1.4",0.2,0.459,0.42,0.893,90.7184,1.9812,2026,"SG"
"Josh Hart","NYK","66",31,14.3,5.7,8.8,1.7,7.1,2.3,"1.4",0.3,0.508,0.413,0.72,97.52228,1.9558,2026,"SG"
"Josh Minott","BKN","49",23,15.7,2,6.8,2.1,4.7,1.9,"1.9",1,0.5,0.418,0.787,92.98636,2.032,2026,"SF"
"Josh Oduro","NOP","3",25,11,1.8,10.1,4.8,5.3,0.9,"0",0,0.647,0,0.5,108.86208,2.0574,2026,"PF"
"Josh Okogie","HOU","78",27,9.4,1.8,5.3,2.2,3.2,1.1,"1.7",0.4,0.425,0.385,0.594,96.615096,1.9304,2026,"SG"
"Jrue Holiday","POR","53",36,20,7.4,5.7,1.6,4,3.4,"1.2",0.1,0.451,0.378,0.838,99.79024,1.9304,2026,"PG"
"Julian Champagnie","SAS","82",24,14.5,2,7.5,1.2,6.3,1.1,"1",0.6,0.437,0.381,0.844,98.429464,2.0066,2026,"SF"
"Julian Phillips","MIN","48",22,11.8,0.8,4.1,1.9,2.2,0.9,"1.9",0.6,0.421,0.308,0.783,91.171992,1.9812,2026,"SF"
"Julian Reese","WAS","13",22,13.8,2.2,12.3,4.9,7.4,2.9,"1.6",0.7,0.529,0,0.636,104.32616,2.0574,2026,"PF"
"Julian Strawther","DEN","57",24,17.3,2.6,4.8,0.5,4.3,1.5,"1",0.3,0.467,0.387,0.814,92.98636,1.9812,2026,"SG"
"Julius Randle","MIN","79",31,23,5.5,7.3,1.8,5.5,3,"1.2",0.2,0.481,0.315,0.802,113.398,2.0574,2026,"PF"
"Justin Champagnie","WAS","69",24,15.6,2.2,10,3.8,6.2,1.2,"1.5",1.1,0.502,0.319,0.784,93.439952,1.9812,2026,"SF"
"Justin Edwards","PHI","64",22,14.2,2.9,3.5,1,2.5,1.3,"2",0.4,0.447,0.372,0.846,98.429464,2.0066,2026,"SF"
"Jusuf Nurkić","UTA","41",31,14.9,6.5,14.1,3.5,10.6,3.4,"1.7",0.7,0.503,0.352,0.549,131.54168,2.1082,2026,"C"
"KJ Simpson","DEN","20",23,12.7,6,5.2,1.3,3.9,3.5,"2.2",0,0.343,0.3,0.611,85.728888,1.8796,2026,"PG"
"Kadary Richmond","WAS","3",24,13.5,4.3,5.4,0.5,4.9,1.1,"4.3",0.5,0.625,0.5,1,92.98636,1.9812,2026,"SG"
"Kam Jones","IND","37",24,9.5,7,3.5,0.9,2.6,2.1,"1.1",0,0.402,0.293,0.5,90.7184,1.9304,2026,"SG"
"Karl-Anthony Towns","NYK","75",30,23.3,3.5,13.8,3.6,10.2,2.9,"1",0.6,0.501,0.368,0.858,112.490816,2.1336,2026,"C"
"Karlo Matković","NOP","62",25,13.9,2,9,2.8,6.2,1.3,"1",2.1,0.604,0.422,0.732,104.779752,2.0828,2026,"PF"
"Kasparas Jakučionis","MIA","53",20,12.5,5.2,5.3,1.6,3.6,1.9,"1.3",0.3,0.429,0.423,0.879,90.7184,1.9558,2026,"PG"
"Kawhi Leonard","LAC","65",34,31.3,4,7.1,1.2,5.9,2.3,"2.1",0.5,0.505,0.387,0.892,102.0582,1.9812,2026,"SF"
"Keaton Wallace","ATL","53",27,12.5,6.3,3.8,0.2,3.6,1.9,"1.6",0.3,0.398,0.373,0.667,83.91452,1.905,2026,"PG"
"Keegan Murray","SAC","23",25,14.6,1.7,6,1.5,4.5,1.2,"1.1",1.6,0.42,0.277,0.776,102.0582,2.032,2026,"SF"
"Kel'el Ware","MIA","77",22,18,1.2,14.7,4.6,10.1,1.3,"1.2",1.8,0.53,0.395,0.74,104.32616,2.1336,2026,"C"
"Keldon Johnson","SAS","82",26,20.4,2.1,8.3,2.6,5.7,1.3,"0.9",0.2,0.519,0.363,0.794,99.79024,1.9812,2026,"SF"
"Kelly Olynyk","SAS","42",35,13.3,4.9,7.6,2.4,5.2,2.4,"1.5",0.3,0.49,0.255,0.711,108.86208,2.1336,2026,"C"
"Kelly Oubre Jr.","PHI","50",30,16.1,1.8,5.8,1.1,4.6,1.6,"1.6",0.5,0.467,0.36,0.766,95.25432,2.032,2026,"SF"
"Kennedy Chandler","UTA","11",23,16.7,7.5,3.7,0.6,3.1,2.3,"1.1",0.2,0.445,0.395,0.651,77.11064,1.8288,2026,"PG"
"Kenrich Williams","OKC","56",31,15.3,3.3,7.9,2.5,5.4,1.8,"1.3",0.2,0.473,0.388,0.635,95.25432,2.0066,2026,"SF"
"Kentavious Caldwell-Pope","MEM","51",33,14.2,4.6,4.1,0.7,3.5,2,"1.4",0.3,0.41,0.316,0.913,92.532768,1.9558,2026,"SG"
"Keon Ellis","CLE","72",26,11.7,1.8,3.3,0.9,2.4,1,"2",1.1,0.44,0.363,0.729,79.3786,1.9304,2026,"SG"
"Keshad Johnson","MIA","32",24,17.5,1,8,3.3,4.6,1.7,"1.9",1,0.49,0.295,0.724,102.0582,1.9812,2026,"SF"
"Keshon Gilbert","ATL","4",22,8.3,5.9,2.4,1,1.5,3.9,"1.5",2,0.417,0,1,90.7184,1.9304,2026,"SG"
"Kevin Durant","HOU","78",37,25.7,4.7,5.4,0.5,4.9,3.1,"0.8",0.9,0.52,0.413,0.874,108.86208,2.1082,2026,"PF"
"Kevin Huerter","DET","69",27,16.1,4.1,5.6,0.8,4.8,1.7,"1.5",0.8,0.451,0.308,0.775,86.18248,1.9812,2026,"SF"
"Kevin Love","UTA","37",37,14.6,3.9,12.6,3.2,9.4,1.8,"0.8",0.5,0.397,0.373,0.841,113.851592,2.0828,2026,"C"
"Kevin McCullar Jr.","NYK","21",25,11.6,4.6,6.5,2.6,3.9,2.8,"2.1",0,0.426,0.333,0.4,95.25432,1.9812,2026,"SF"
"Kevin Porter Jr.","MIL","38",26,18.9,8,5.7,1,4.7,3.1,"2.4",0.5,0.465,0.322,0.878,92.079176,1.9558,2026,"PG"
"Kevon Looney","NOP","21",30,6.9,4,13.8,5.6,8.2,1.1,"1.1",1.2,0.417,0.154,0.7,100.697424,2.0574,2026,"C"
"Keyonte George","UTA","54",22,25.7,6.7,4,0.5,3.5,3.3,"1.2",0.3,0.456,0.371,0.892,83.91452,1.9304,2026,"PG"
"Khaman Maluach","PHX","46",19,12.2,0.5,11.6,4.3,7.4,2.2,"0.4",2.9,0.533,0.238,0.71,113.398,2.159,2026,"C"
"Khris Middleton","DAL","63",34,16,4.4,5.8,1.3,4.5,2.7,"1",0.2,0.42,0.36,0.875,100.697424,2.0066,2026,"SF"
"Killian Hayes","SAC","23",24,11.3,7.2,4.8,0.4,4.4,2.5,"1.9",0.4,0.304,0.27,0.929,88.45044,1.9304,2026,"PG"
"Klay Thompson","DAL","69",36,19.5,2.3,3.4,0.4,3,1.5,"0.8",0.5,0.393,0.383,0.766,99.79024,1.9558,2026,"SG"
"Kobe Brown","IND","61",26,13.2,3,6.9,2.5,4.4,2,"0.9",0.4,0.469,0.374,0.797,113.398,2.0066,2026,"PF"
"Kobe Bufkin","LAL","16",22,13.9,3,3.9,0.3,3.6,1.5,"0.6",0.9,0.3,0.192,0.917,88.45044,1.9304,2026,"SG"
"Kobe Sanders","LAC","68",24,13.2,2.9,4.1,0.8,3.3,2.2,"1.3",0.3,0.466,0.408,0.826,93.893544,2.032,2026,"SG"
"Koby Brea","PHX","12",23,19.3,4.3,3.4,0.4,3,1.7,"0.4",0,0.417,0.433,1,97.52228,1.9558,2026,"SG"
"Kon Knueppel","CHA","81",20,21.1,3.9,6.1,1.4,4.7,2.3,"0.8",0.3,0.475,0.425,0.863,97.52228,1.9812,2026,"SF"
"Kris Dunn","LAC","82",32,9.6,4.8,4.4,0.9,3.4,1.8,"2.1",0.2,0.476,0.374,0.765,92.98636,1.905,2026,"PG"
"Kris Murray","POR","57",25,8.9,2.2,5.6,2.4,3.1,1.3,"1.4",0.6,0.467,0.279,0.684,98.883056,2.032,2026,"SF"
"Kristaps Porziņģis","GSW","32",30,25,3.8,7.8,1.9,5.9,1.9,"0.8",1.8,0.446,0.338,0.842,108.86208,2.1844,2026,"PF"
"Kyle Anderson","MIN","43",32,11.2,5.3,6.3,1.8,4.6,1.6,"1.9",1.1,0.53,0.364,0.706,104.32616,2.032,2026,"PF"
"Kyle Filipowski","UTA","77",22,17.6,4,11,2.9,8.2,2.5,"1.5",0.8,0.492,0.325,0.75,113.398,2.1082,2026,"C"
"Kyle Kuzma","MIL","69",30,17.9,3.7,6.2,1.1,5.1,2.4,"0.9",0.6,0.492,0.347,0.726,100.243832,2.032,2026,"PF"
"Kyle Lowry","PHI","14",40,5.2,3.4,2.7,0,2.7,1.2,"0.6",0.6,0.16,0.16,0.833,88.904032,1.8288,2026,"PG"
"Kyshawn George","WAS","48",22,18.4,5.5,6.3,1.1,5.2,3.2,"1.2",1.1,0.438,0.381,0.802,90.7184,2.032,2026,"SF"
"LJ Cryer","GSW","18",24,18.2,2.2,3.5,0.5,3,1.7,"0.4",0,0.402,0.394,0.895,90.72,1.8288,2026,"PG"
"LaMelo Ball","CHA","72",24,25.8,9.2,6.2,1.2,5,3.6,"1.6",0.3,0.407,0.368,0.899,81.64656,2.0066,2026,"PG"
"Lachlan Olbrich","CHI","37",22,9.3,4.4,11.7,4.7,7,1.7,"1.3",0.8,0.468,0.105,0.375,107.047712,2.032,2026,"C"
"Landry Shamet","NYK","51",29,14.6,2.2,2.8,0.7,2.1,0.9,"1",0.3,0.437,0.392,0.711,86.18248,1.9558,2026,"SG"
"Larry Nance Jr.","CLE","35",33,10.5,2.7,7.5,2.3,5.1,1.6,"1.7",0.5,0.419,0.333,0.462,111.13004,1.9812,2026,"PF"
"Lauri Markkanen","UTA","42",29,28,2.2,7.2,2.1,5.1,1.6,"1",0.5,0.477,0.355,0.896,108.86208,2.159,2026,"SF"
"Lawson Lovering","MEM","2",23,10.2,2.2,11,4.4,6.6,1.5,"2.2",0.7,0.6,0,0.4,106.59,2.1336,2026,"C"
"LeBron James","LAL","60",41,22.7,7.8,6.6,0.8,5.8,3.2,"1.3",0.6,0.515,0.317,0.737,113.398,2.0574,2026,"C"
"Leaky Black","WAS","15",27,8.8,1.8,6.2,1.2,5,1.2,"1.5",0.7,0.388,0.345,0.875,94.800728,1.9812,2026,"SF"
"Leonard Miller","CHI","46",22,18.1,2,9.1,2.7,6.4,1.8,"0.9",0.8,0.553,0.323,0.736,99.79024,2.0828,2026,"SF"
"Liam McNeeley","CHA","31",20,12.9,2.4,7.2,1.3,5.9,1.3,"0.5",0.3,0.4,0.4,0.821,95.25432,2.0066,2026,"SF"
"Lindy Waters III","SAS","40",28,12,2.4,3.7,0.4,3.3,0.9,"0.8",0.1,0.375,0.342,0.667,95.25432,1.9558,2026,"SG"
"Lonzo Ball","CLE","35",28,7.9,6.7,6.9,1.3,5.6,2.6,"2.2",0.4,0.301,0.272,0.667,86.18248,1.9558,2026,"PG"
"Lucas Williamson","MEM","7",27,11.7,2.9,6.1,1.8,4.3,1.6,"1.8",0.2,0.333,0.283,1,92.98636,1.9304,2026,"SG"
"Luguentz Dort","OKC","69",27,11.2,1.7,4.8,1.1,3.7,1.1,"1.2",0.5,0.385,0.344,0.759,99.79024,1.9304,2026,"SG"
"Luka Dončić","LAL","64",27,33.7,8.3,7.8,0.6,7.1,4,"1.7",0.5,0.476,0.366,0.78,104.32616,2.032,2026,"PG"
"Luka Garza","BOS","69",27,17.9,2.1,9,5,4,1.5,"0.9",0.9,0.577,0.433,0.769,110.222856,2.0828,2026,"C"
"Luke Kennard","LAL","78",29,14,3.7,3.9,0.7,3.2,1.3,"1.2",0.2,0.533,0.478,0.913,93.439952,1.9558,2026,"SG"
"Luke Kornet","SAS","68",30,11.2,3.2,10.4,4.6,5.9,0.7,"0.8",1.6,0.643,0,0.825,113.398,2.159,2026,"C"
"Luke Travers","CLE","12",24,9.8,3.1,8.4,3.1,5.2,1,"2.4",1.4,0.25,0.063,1,93.893544,1.9812,2026,"SG"
"Mac McClung","CHI","11",27,17.8,2.7,2.7,0.5,2.1,2.4,"2.9",0.8,0.39,0.233,0.778,83.91452,1.8796,2026,"SG"
"Malachi Smith","BKN","15",26,12.4,4.9,5.1,1.2,3.9,1.4,"1.2",0.4,0.485,0.435,1,92.98636,1.9304,2026,"SG"
"Malaki Branham","WAS","28",23,16.7,3,5.7,1.6,4.2,2,"1.3",0.4,0.473,0.378,0.824,81.64656,1.9304,2026,"SG"
"Malevy Leons","GSW","25",26,10.8,3,6.9,3.9,3,1.7,"1.8",1.2,0.444,0.25,0.789,95.25432,2.0574,2026,"SF"
"Malik Monk","SAC","62",28,20.4,4.9,3.1,0.4,2.7,2.4,"1",0.6,0.438,0.395,0.879,90.7184,1.905,2026,"SG"
"MarJon Beauchamp","PHI","14",25,17.4,2.8,5.9,1.3,4.6,2.4,"1.7",0.7,0.434,0.34,0.684,90.264808,2.0066,2026,"SF"
"Marcus Sasser","DET","38",25,15.5,5.9,3.1,0.6,2.5,2.4,"1.6",0.3,0.39,0.415,0.833,88.45044,1.8542,2026,"PG"
"Marcus Smart","LAL","62",32,11.8,3.8,3.5,0.7,2.8,1.9,"1.8",0.5,0.395,0.331,0.822,99.79024,1.905,2026,"PG"
"Mark Sears","MIL","7",24,30.4,2.8,2.8,1.4,1.4,5.5,"0",0,0.462,0.5,0.75,83.91452,1.8288,2026,"PG"
"Mark Williams","PHX","60",24,17.8,1.5,12.1,4.7,7.4,1.7,"1.4",1.4,0.644,1,0.771,108.86208,2.159,2026,"C"
"Markelle Fultz","TOR","5",28,4,8.1,1,0,1,4,"2",0,0.182,0,0,94.800728,1.9304,2026,"PG"
"Marvin Bagley III","DAL","60",27,18.8,2.5,11,4.5,6.5,1.8,"0.8",1.3,0.618,0.462,0.66,106.59412,2.0828,2026,"PF"
"Mason Plumlee","SAS","20",36,6.5,4.2,11.1,3.6,7.6,2.5,"2.1",0,0.786,0,0.643,115.212368,2.1336,2026,"C"
"Matas Buzelis","CHI","77",21,20,2.5,7.2,1.2,5.9,2.5,"0.9",1.9,0.463,0.349,0.786,88.904032,2.032,2026,"PF"
"Matisse Thybulle","POR","30",29,13.1,2,4.4,1.3,3.2,2.1,"4.5",1.2,0.433,0.398,0.84,91.625584,1.9558,2026,"SG"
"Max Christie","DAL","77",23,15.2,2.4,4,0.2,3.8,1.5,"0.8",0.4,0.441,0.404,0.899,86.18248,1.9558,2026,"SG"
"Max Shulga","BOS","11",23,6.9,2,6,3,3,3,"1",0,0.25,0.25,1,95.25432,1.9304,2026,"SG"
"Max Strus","CLE","12",30,16.7,3,8.1,1.1,7,1.1,"0.4",0,0.443,0.402,0.778,97.52228,1.9558,2026,"SF"
"Maxi Kleber","LAL","43",34,6.7,2.1,6.6,2.8,3.7,1.3,"1.4",0.9,0.452,0.231,0.538,108.86208,2.0828,2026,"PF"
"Maxime Raynaud","SAC","74",23,16.9,1.8,10.2,2.6,7.6,1.7,"0.7",0.7,0.571,0.324,0.786,113.398,2.159,2026,"C"
"Micah Peavy","NOP","61",24,10.3,2.4,4.6,1.8,2.8,0.8,"1.7",0.4,0.385,0.259,0.759,97.52228,2.0066,2026,"SG"
"Micah Potter","IND","47",28,18.2,2.7,9.2,2.3,6.9,1.9,"0.9",0.6,0.515,0.423,0.842,112.490816,2.0574,2026,"C"
"Michael Porter Jr.","BKN","52",27,26.8,3.4,7.8,1.5,6.4,2.6,"1.2",0.3,0.463,0.363,0.859,98.883056,2.0828,2026,"SF"
"Mikal Bridges","NYK","82",29,15.8,4.1,4.2,1.1,3.1,1.1,"1.4",0.8,0.49,0.371,0.827,94.800728,1.9812,2026,"SF"
"Mike Conley","MIN","54",38,8.9,5.7,3.4,0.7,2.7,1.2,"1.3",0.5,0.335,0.337,0.9,79.3786,1.8542,2026,"PG"
"Miles Bridges","CHA","77",28,19.8,3.7,6.8,1.1,5.7,1.6,"0.7",0.5,0.46,0.333,0.822,102.0582,2.0066,2026,"PF"
"Miles Kelly","DAL","14",23,11.6,3.2,6.5,1.3,5.1,1.6,"1.1",0.3,0.364,0.303,1,86.18248,1.9304,2026,"PG"
"Miles McBride","NYK","41",25,16.4,3.5,3.3,0.8,2.5,1.1,"1.2",0.3,0.423,0.413,0.787,88.45044,1.8796,2026,"PG"
"Mitchell Robinson","NYK","60",28,10.4,1.6,16.1,7.7,8.4,1.3,"1.7",2.1,0.723,0,0.408,108.86208,2.1336,2026,"C"
"Mo Bamba","UTA","4",28,8.2,0.8,18.1,8.2,9.9,1.6,"0",2.5,0.455,0,0,104.779752,2.1336,2026,"C"
"Mohamed Diawara","NYK","69",21,14,3,5.3,0.9,4.5,1.7,"1",0.3,0.423,0.369,0.75,102.0582,2.0574,2026,"SF"
"Monte Morris","IND","6",30,10,5,3.9,0.6,3.3,1.1,"0.6",0.6,0.35,0.25,0.5,83.007336,1.8796,2026,"PG"
"Moritz Wagner","ORL","36",29,20.8,2.3,9.7,2.3,7.4,1.6,"1.3",0.2,0.426,0.314,0.819,111.13004,2.1082,2026,"C"
"Moses Moody","GSW","60",24,17,2.3,4.7,1.2,3.5,1.3,"1.4",0.8,0.44,0.401,0.77,95.707912,1.9558,2026,"SG"
"Mouhamadou Gueye","CHI","2",27,12.7,4.8,4.8,1.6,3.2,2.4,"1.6",0.8,0.545,0.2,0.75,95.25432,2.0574,2026,"PF"
"Mouhamed Gueye","ATL","77",23,10.4,2.1,8.4,2.7,5.7,1,"1.9",1.2,0.452,0.308,0.645,95.25432,2.1082,2026,"PF"
"Moussa Cisse","DAL","38",23,11.6,0.6,14.7,6.1,8.6,2,"1.3",3.1,0.574,0,0.469,99.79024,2.1082,2026,"C"
"Moussa Diabaté","CHA","73",24,10.9,2.7,12,5.2,6.9,1.4,"1.1",1.4,0.631,0.5,0.659,95.25432,2.0828,2026,"C"
"Myles Turner","MIL","71",30,15.9,1.9,7.1,1.4,5.7,1.6,"0.9",2.2,0.44,0.383,0.74,113.398,2.1082,2026,"C"
"Myron Gardner","MIA","45",25,14.3,3.9,10.7,3.4,7.3,1.5,"1.8",0.7,0.48,0.406,0.731,99.79024,1.9558,2026,"SF"
"N'Faly Dante","ATL","4",24,7,0,16.3,7,9.3,2.3,"4.7",0,0.25,0,1,104.32616,2.1082,2026,"C"
"Nae'Qwan Tomlin","CLE","64",25,13.4,1.9,6.7,3.1,3.6,1,"1.5",1.2,0.478,0.235,0.77,95.25432,2.032,2026,"PF"
"Naji Marshall","DAL","74",28,18.6,4,5.7,1.1,4.7,2,"1.4",0.1,0.51,0.291,0.76,99.79024,1.9812,2026,"SF"
"Nate Williams","GSW","14",27,16.9,2.1,4.5,3,1.5,2.3,"0.8",0,0.489,0.433,0.867,92.98636,1.9558,2026,"SG"
"Naz Reid","MIN","77",26,18.8,3,8.6,1.6,6.9,2.3,"1.4",1.4,0.456,0.362,0.732,119.748288,2.0574,2026,"C"
"Neemias Queta","BOS","76",26,14.5,2.4,11.9,4.3,7.6,1.4,"1.1",1.9,0.653,0.125,0.703,112.490816,2.1336,2026,"C"
"Nic Claxton","BKN","69",27,15.2,4.7,9,3.1,5.8,1.8,"0.8",1.4,0.571,0.158,0.616,97.52228,2.1082,2026,"C"
"Nick Richards","CHI","48",28,14.2,0.8,12.5,4,8.5,3,"0.5",1.6,0.512,0.278,0.644,111.13004,2.1082,2026,"C"
"Nick Smith Jr.","LAL","30",22,17.8,3,2.2,0.3,1.9,2,"0.9",0.2,0.435,0.395,0.733,83.91452,1.8796,2026,"SG"
"Nickeil Alexander-Walker","ATL","78",27,22.5,4,3.7,0.7,3,2.2,"1.4",0.6,0.459,0.399,0.902,92.98636,1.9558,2026,"SG"
"Nicolas Batum","LAC","74",37,8.1,1.8,5.1,0.6,4.5,1,"1.3",0.6,0.403,0.404,0.818,104.32616,2.0066,2026,"PF"
"Nigel Hayes-Davis","PHX","27",31,6.3,1.3,6.1,2.2,3.9,1.5,"1.5",0.4,0.326,0.125,0.5,115.212368,2.0066,2026,"SF"
"Nikola Jokić","DEN","65",31,28.6,11.1,13.3,3.1,10.2,3.9,"1.5",0.8,0.569,0.38,0.831,128.820128,2.1082,2026,"C"
"Nikola Jović","MIA","47",23,15.3,4.5,6.8,1.1,5.7,2.9,"1.2",0.8,0.366,0.269,0.683,92.98636,2.0828,2026,"PF"
"Nikola Topić","OKC","10",20,11.7,9.9,4.3,1.6,2.7,5.6,"1.1",0,0.431,0.4,0.4,90.7184,1.9812,2026,"PG"
"Nikola Vučević","BOS","64",35,19.1,4.2,10.6,2.5,8.2,1.7,"0.8",0.8,0.493,0.369,0.828,120.20188,2.0574,2026,"C"
"Nique Clifford","SAC","75",24,12.3,3.4,5.4,1.2,4.2,2.2,"1.3",0.5,0.418,0.333,0.722,79.3786,1.9558,2026,"SG"
"Noa Essengue","CHI","2",19,0,0,0,0,0,0,"6",0,0,0,0,87.996848,2.032,2026,"PF"
"Noah Clowney","BKN","66",21,16.4,2.2,5.5,1.1,4.5,2.1,"1",0.9,0.396,0.329,0.804,95.25432,2.0828,2026,"PF"
"Noah Penda","ORL","59",21,10.8,3.3,8.9,3.2,5.7,2,"1.4",0.9,0.404,0.323,0.688,97.52228,2.0066,2026,"SF"
"Nolan Traore","BKN","56",20,14.4,6.2,2.9,0.4,2.5,3.7,"1.3",0.7,0.38,0.318,0.787,83.91452,1.905,2026,"PG"
"Norchad Omier","LAC","6",24,25.9,3,10.6,6.1,4.6,0,"1.5",0,0.7,0,1,112.490816,2.0066,2026,"PF"
"Norman Powell","MIA","58",33,26.4,3,4.2,0.5,3.8,2.3,"1.3",0.3,0.47,0.38,0.827,97.52228,1.905,2026,"SF"
"OG Anunoby","NYK","67",28,18.1,2.3,5.7,1.4,4.3,2,"1.7",0.8,0.484,0.386,0.828,108.86208,2.0066,2026,"SF"
"Obi Toppin","IND","24",28,23.7,4.7,9,1.1,7.9,2.4,"1",0.1,0.503,0.352,0.913,99.79024,2.0574,2026,"PF"
"Ochai Agbaji","BKN","62",26,11.6,1.7,5.2,1.7,3.5,1.1,"0.9",0.6,0.436,0.266,0.837,97.52228,1.9558,2026,"SG"
"Olivier Sarr","CLE","4",27,12.8,4.6,10.1,1.8,8.2,1.8,"1.8",2.7,0.714,0.667,0.4,108.86208,2.0828,2026,"C"
"Olivier-Maxence Prosper","MEM","53",23,19.4,1.9,6.8,2.2,4.7,1.7,"1.5",0.5,0.549,0.405,0.754,104.32616,2.0066,2026,"PF"
"Omer Yurtseven","GSW","9",27,11.8,2.8,10.4,4.5,5.9,3.1,"0.7",0.3,0.423,0,0.667,124.7378,2.1082,2026,"C"
"Onyeka Okongwu","ATL","74",25,17.6,3.6,8.8,2.2,6.6,2,"1.3",1.2,0.48,0.376,0.757,108.86208,2.0828,2026,"C"
"Orlando Robinson","ORL","4",25,10.2,4.4,5.8,2.9,2.9,0,"1.5",0,0.6,0.5,0,106.59412,2.0828,2026,"C"
"Oscar Tshiebwe","UTA","27",26,16.9,2.6,14.4,6.2,8.2,1.7,"1.3",0.4,0.634,0,0.551,115.66596,2.032,2026,"C"
"Oso Ighodaro","PHX","82",23,10.6,3.7,8.3,2.7,5.6,2,"1.5",1.1,0.653,0,0.453,106.59412,2.1082,2026,"PF"
"Ousmane Dieng","MIL","57",23,14.1,4.5,5.9,0.9,4.9,2.5,"0.8",0.6,0.422,0.341,0.711,83.91452,2.0574,2026,"PF"
"P.J. Washington","DAL","56",27,16.4,2,8.2,1.7,6.4,1.9,"1.1",1.2,0.45,0.325,0.687,104.32616,2.0066,2026,"C"
"PJ Hall","CHA","19",24,14.5,1.7,12.7,5.6,7.1,2.7,"0.5",1.7,0.508,0.6,0.793,111.13004,2.032,2026,"C"
"Pacôme Dadiet","NYK","29",20,12.7,3.2,7.2,1.1,6.1,0.8,"0.8",0.3,0.333,0.219,0.818,95.25432,2.0574,2026,"SG"
"Paolo Banchero","ORL","72",23,23,5.4,8.7,1.2,7.5,3.2,"0.7",0.6,0.459,0.305,0.775,113.398,2.0828,2026,"PF"
"Pascal Siakam","IND","62",32,26,4.1,7.2,1.6,5.6,2.4,"1.2",0.4,0.484,0.358,0.693,111.13004,2.032,2026,"PF"
"Pat Connaughton","CHA","42",33,13.4,2.2,7.4,1.8,5.6,1.3,"1.3",0.1,0.447,0.404,0.65,94.800728,1.9558,2026,"SF"
"Pat Spencer","GSW","66",29,13.9,6.8,4.6,1.5,3.1,2.5,"1.4",0.1,0.427,0.357,0.772,92.98636,1.8796,2026,"PG"
"Patrick Baldwin Jr.","SAC","9",23,11.6,1.8,8.1,4.2,3.9,1.8,"1.1",1.8,0.407,0.429,0.714,99.79024,2.1336,2026,"SF"
"Patrick Williams","CHI","72",24,12.3,2.6,5.3,1.2,4.1,1.8,"1.2",0.6,0.372,0.347,0.72,106.59412,1.9812,2026,"PF"
"Paul George","PHI","37",36,20.3,4.2,6.2,0.6,5.6,2,"2",0.5,0.439,0.392,0.82,104.32616,2.032,2026,"PF"
"Paul Reed","DET","65",27,20.1,3.2,11.8,5.2,6.6,2.3,"2.3",2.4,0.617,0.325,0.664,95.25432,2.0574,2026,"C"
"Payton Pritchard","BOS","79",28,18.9,5.7,4.4,1,3.4,1.5,"0.8",0.1,0.464,0.377,0.89,88.45044,1.8542,2026,"PG"
"Payton Sandfort","OKC","4",23,19.9,0,5.7,0.6,5.1,0.6,"0.6",0,0.5,0.412,0.5,97.52228,2.0066,2026,"SF"
"Pelle Larsson","MIA","70",25,15.6,4.6,4.8,1.3,3.4,2,"1",0.3,0.496,0.323,0.797,97.52228,1.9558,2026,"SG"
"Pete Nance","MIL","47",26,12.4,2.3,6.1,1.3,4.8,1.3,"0.7",0.7,0.515,0.42,0.364,102.0582,2.0574,2026,"PF"
"Peyton Watson","DEN","54",23,17.8,2.5,5.9,1.1,4.8,2.1,"1.1",1.4,0.491,0.411,0.73,90.7184,2.032,2026,"SG"
"Precious Achiuwa","SAC","73",26,15.2,2.1,10.1,3.7,6.5,1.3,"1.3",1,0.528,0.278,0.554,110.222856,2.032,2026,"C"
"Quentin Grimes","PHI","75",26,16.4,4,4.5,0.8,3.7,2.2,"1",0.5,0.45,0.334,0.84,93.893544,1.9558,2026,"SG"
"Quenton Jackson","IND","49",27,18,5.6,4.6,1.1,3.4,2.5,"1.2",0.2,0.47,0.356,0.824,78.471416,1.9304,2026,"PG"
"Quinten Post","GSW","67",26,15.9,2.9,8.4,2.1,6.2,1.7,"0.8",1.1,0.44,0.336,0.791,107.954896,2.1336,2026,"PF"
"RJ Barrett","TOR","57",25,22.9,3.9,6.3,1.1,5.1,2.1,"0.9",0.4,0.491,0.339,0.717,97.068688,1.9812,2026,"SF"
"Rasheer Fleming","PHX","55",21,12.7,0.9,6.6,3,3.6,1.6,"1.2",1.1,0.405,0.346,0.559,108.86208,2.0574,2026,"PF"
"RayJ Dennis","ATL","17",25,12.9,5.8,4.5,1.4,3.1,3,"0.7",0.7,0.313,0.311,0.889,81.64656,1.8542,2026,"PG"
"Rayan Rupert","MEM","64",22,11.1,2.3,6.3,1.6,4.7,1.8,"1.8",0.3,0.393,0.324,0.778,92.98636,2.0066,2026,"SG"
"Reed Sheppard","HOU","82",21,18.6,4.6,4,0.5,3.5,2.1,"2",0.9,0.43,0.394,0.802,83.91452,1.8796,2026,"SG"
"Riley Minix","CLE","9",25,21.7,3.1,3.7,1.2,2.5,1.9,"1.2",0.6,0.609,0.333,1,104.32616,2.0066,2026,"SF"
"Rob Dillingham","CHI","65",21,15.2,5.3,4.9,0.7,4.2,3.7,"1.7",0.2,0.396,0.316,0.745,79.3786,1.8796,2026,"PG"
"Robert Williams III","POR","59",28,14.2,2.1,14.8,5,9.8,1.7,"1.2",3.1,0.708,0.391,0.596,112.944408,2.0574,2026,"C"
"Rocco Zikarsky","MIN","5",19,13.8,2,13.8,2,11.8,1,"0",4.9,0.625,0,1,102.965384,2.2098,2026,"C"
"Ron Harper Jr.","BOS","29",26,13.9,2.5,5.4,1.7,3.7,0.9,"1.1",1,0.418,0.35,0.75,105.686936,1.9558,2026,"PF"
"Ronald Holland II","DET","78",20,14.9,2.2,7.3,1.9,5.4,2.2,"2.1",0.6,0.432,0.253,0.805,93.439952,2.032,2026,"SF"
"Royce O'Neale","PHX","78",33,12.4,3.4,6.1,1,5.1,1.7,"1.4",0.5,0.421,0.408,0.711,102.511792,1.9812,2026,"SF"
"Rudy Gobert","MIN","76",33,12.5,1.9,13.2,4.5,8.7,1.6,"0.9",1.9,0.682,0,0.526,117.026736,2.159,2026,"C"
"Rui Hachimura","LAL","68",28,14.6,1.1,4.2,0.8,3.5,0.8,"0.7",0.4,0.514,0.443,0.694,104.32616,2.032,2026,"PF"
"Russell Westbrook","SAC","64",37,18.9,8.3,6.8,1.6,5.2,4.1,"1.6",0.2,0.427,0.338,0.694,90.7184,1.9304,2026,"PG"
"Ryan Dunn","PHX","70",23,10.8,2.7,7.9,2.6,5.3,1.5,"1.6",0.8,0.453,0.331,0.489,97.975872,2.0066,2026,"SF"
"Ryan Kalkbrenner","CHA","69",24,12.7,1.3,9.2,4.1,5.1,1.5,"0.8",2.5,0.753,0,0.716,116.119552,2.159,2026,"C"
"Ryan Nembhard","DAL","60",23,12.2,9.7,4.1,0.4,3.7,2.6,"0.8",0.1,0.415,0.356,0.806,81.64656,1.8034,2026,"PG"
"Ryan Rollins","MIL","74",23,19.4,6.3,5.1,0.8,4.3,3,"1.7",0.5,0.472,0.406,0.796,81.64656,1.905,2026,"PG"
"Saddiq Bey","NOP","72",27,20.4,2.9,6.4,1.9,4.5,1.1,"1.1",0.1,0.451,0.367,0.841,97.52228,2.032,2026,"SF"
"Sam Hauser","BOS","78",28,13.4,2.1,5.6,1,4.5,0.7,"0.7",0.4,0.419,0.393,0.85,98.429464,2.0066,2026,"SF"
"Sam Merrill","CLE","52",30,17.3,3.3,3.5,0.7,2.7,1.1,"0.9",0.2,0.461,0.421,0.855,92.98636,1.9304,2026,"SG"
"Sandro Mamukelashvili","TOR","80",27,18.4,3.1,8.1,2.2,5.9,1.4,"1.3",0.8,0.523,0.389,0.747,108.86208,2.0574,2026,"PF"
"Santi Aldama","MEM","43",25,18.1,3.8,8.6,2,6.6,1.7,"1.1",0.9,0.479,0.35,0.667,97.52228,2.1336,2026,"PF"
"Scoot Henderson","POR","30",22,20.6,5.4,3.9,0.9,3,3.5,"1.3",0.4,0.418,0.352,0.84,93.893544,1.905,2026,"PG"
"Scottie Barnes","TOR","80",24,19.4,6.4,8.1,2,6.1,2.8,"1.5",1.6,0.507,0.304,0.815,107.501304,2.032,2026,"PF"
"Scotty Pippen Jr.","MEM","10",25,19.4,8,3.7,1.4,2.4,4.6,"3.2",0.7,0.448,0.313,0.783,77.11064,1.8796,2026,"PG"
"Sean Pedulla","LAC","7",23,15.1,5.8,3.5,0,3.5,1.2,"0",0,0.333,0.3,0,88.45044,1.8542,2026,"PG"
"Seth Curry","GSW","10",35,19.2,2.7,3.2,1.1,2.2,0.5,"0.8",0,0.49,0.48,0.917,83.91452,1.8542,2026,"SG"
"Shaedon Sharpe","POR","50",23,25.5,3.2,5.3,1.2,4.1,3.6,"1.7",0.1,0.452,0.337,0.787,95.25432,1.9558,2026,"SG"
"Shai Gilgeous-Alexander","OKC","68",27,33.7,7.1,4.7,0.6,4,2.4,"1.5",0.8,0.553,0.386,0.879,88.45044,1.9812,2026,"PG"
"Sharife Cooper","WAS","41",25,17.1,6.4,4.4,0.9,3.5,3.1,"0.8",0.3,0.514,0.382,0.833,79.832192,1.8288,2026,"PG"
"Sidy Cissoko","POR","75",22,9.6,2.8,4.2,1.6,2.6,1.8,"1.3",0.6,0.398,0.298,0.659,99.79024,1.9812,2026,"SF"
"Simone Fontecchio","MIA","70",30,18.3,3.1,6.5,1.7,4.8,1.5,"1.1",0.3,0.412,0.375,0.843,94.800728,2.0066,2026,"SF"
"Sion James","CHA","82",23,8.6,3.2,5.6,1,4.6,1.3,"1",0.4,0.371,0.352,0.837,99.79024,1.9558,2026,"SG"
"Skal Labissiere","WAS","3",30,12.5,2.9,8.6,2.9,5.8,1,"1.9",1,0.6,0.2,0,106.59412,2.0828,2026,"PF"
"Spencer Jones","DEN","64",24,8.9,1.3,5.3,1.9,3.4,0.8,"1.3",0.7,0.504,0.396,0.608,102.0582,2.0066,2026,"SF"
"Stanley Umude","SAS","2",27,11,5.5,0,0,0,0,"5.5",0,0.5,0,0,95.25432,1.9812,2026,"SG"
"Stephen Curry","GSW","43",38,30.9,5.5,4.2,0.5,3.7,3.3,"1.3",0.5,0.468,0.393,0.923,83.91452,1.8796,2026,"PG"
"Stephon Castle","SAS","68",21,20,8.9,6.4,1.7,4.7,3.8,"1.4",0.3,0.471,0.332,0.734,97.52228,1.9812,2026,"PG"
"Steven Adams","HOU","32",32,9.2,2.4,13.6,7.1,6.5,1.7,"1.1",1,0.504,0,0.58,120.20188,2.1082,2026,"C"
"Svi Mykhailiuk","UTA","50",29,14.6,2.9,3.9,1.1,2.7,1.3,"0.8",0.1,0.478,0.408,0.893,92.98636,2.0066,2026,"SF"
"T.J. McConnell","IND","56",34,19.6,10.7,4.6,0.8,3.8,2.4,"2.1",0.4,0.538,0.32,0.862,86.18248,1.8542,2026,"PG"
"Taelon Peter","IND","38",24,12.5,2.9,4.3,0.7,3.6,2,"1.9",0.3,0.38,0.328,0.625,83.91452,1.905,2026,"SG"
"Taj Gibson","MEM","10",40,12.6,2.2,10,4.1,5.9,0.4,"0.7",0.4,0.462,0.5,0.875,105.233344,2.0574,2026,"C"
"Tari Eason","HOU","60",25,14.6,2.1,8.7,2.9,5.9,1.9,"1.7",0.7,0.416,0.358,0.776,97.52228,2.032,2026,"PF"
"Taurean Prince","MIL","26",32,14.1,2.7,4.8,0.2,4.5,1.8,"0.9",0.4,0.45,0.436,1,98.883056,1.9812,2026,"PF"
"Taylor Hendricks","MEM","59",22,14.1,1.8,7.1,2.1,5,1.6,"1.6",1,0.459,0.342,0.681,97.52228,2.0574,2026,"PF"
"Terance Mann","BKN","63",29,10.7,4.5,4.7,1.6,3.1,1.7,"1",0.4,0.457,0.364,0.788,97.52228,1.9812,2026,"SF"
"Terrence Shannon Jr.","MIN","43",25,16.1,2.5,3.3,0.7,2.6,1.6,"0.9",0.1,0.45,0.408,0.8,97.52228,1.9812,2026,"SG"
"Thanasis Antetokounmpo","MIL","34",33,11.4,3.6,7.3,2.9,4.4,2.4,"3.2",1.5,0.469,0,0.567,99.336648,2.0066,2026,"SF"
"Thomas Bryant","CLE","60",28,18.2,1.6,10.1,2.9,7.2,1.4,"0.9",1.3,0.506,0.359,0.803,112.490816,2.0574,2026,"C"
"Tidjane Salaün","CHA","37",20,13.9,1.7,9.3,1.6,7.7,1.6,"1",0.4,0.503,0.434,0.65,93.893544,2.0828,2026,"PF"
"Tim Hardaway Jr.","DEN","80",34,18.3,1.8,3.5,0.3,3.2,0.7,"0.7",0.2,0.447,0.407,0.811,92.98636,1.9558,2026,"SG"
"Tobias Harris","DET","63",33,17.2,3.2,6.7,1.1,5.5,1.3,"1.2",0.5,0.469,0.368,0.866,102.511792,2.032,2026,"PF"
"Toby Okani","MEM","6",24,9.9,1,3.5,1.5,2,0.5,"0.7",0.5,0.357,0.29,0.125,95.25432,2.032,2026,"SG"
"Tolu Smith","DET","15",25,14.7,3.4,12.8,5.8,7.1,1.8,"0.5",1.6,0.5,0,0.667,111.13,2.1082,2026,"PF"
"Tony Bradley","ATL","41",28,12.9,1.8,9.3,4.8,4.5,1.4,"0.5",0.6,0.547,0.5,0.744,112.490816,2.0828,2026,"C"
"Tosan Evbuomwan","CHA","5",25,0,0,9.3,4.7,4.7,0,"0",0,0,0,0,98.429464,2.032,2026,"SF"
"Toumani Camara","POR","82",26,14.5,2.6,5.5,1.7,3.8,1.9,"1.2",0.5,0.44,0.37,0.708,104.32616,2.0066,2026,"PF"
"Trae Young","WAS","15",27,25.2,11.3,2.8,0.4,2.4,3.7,"1.2",0.2,0.458,0.338,0.825,74.389088,1.8796,2026,"PG"
"Trayce Jackson-Davis","TOR","53",26,13.1,2.8,10.5,4.8,5.7,1.7,"1.2",1.7,0.573,1,0.514,111.13004,2.0574,2026,"C"
"Tre Johnson","WAS","60",20,18.3,3,4.2,0.7,3.5,2.3,"0.8",0.4,0.419,0.358,0.874,86.18248,1.9558,2026,"SG"
"Tre Jones","CHI","65",26,18.8,7.2,4.2,0.8,3.4,1.9,"1.6",0.2,0.553,0.315,0.841,86.18248,1.8542,2026,"PG"
"Tre Mann","CHA","53",25,15.7,4.6,5,1.1,3.9,2.9,"1.3",0.3,0.36,0.323,0.852,80.739376,1.9304,2026,"PG"
"Trendon Watford","PHI","53",25,14.4,5.5,7.3,1.6,5.7,2.7,"0.7",0.9,0.515,0.2,0.779,111.13004,2.032,2026,"SF"
"Trentyn Flowers","CHI","2",21,25.9,6.5,6.5,6.5,0,6.5,"0",0,0.667,0,0,83.91452,2.0574,2026,"SF"
"Trevon Scott","BKN","6",29,9.5,2,6.1,2,4.1,0.8,"1.6",1,0.38,0.316,0.667,102.0582,2.032,2026,"SF"
"Trevor Keels","MIA","8",22,19.3,0,4.8,0,4.8,0,"2.4",0,0.25,0.222,0,97.52228,1.905,2026,"SG"
"Trey Alexander","NOP","9",23,15.3,2.9,3.6,0.3,3.3,1,"2",0.7,0.514,0.5,0.6,83.91452,1.9558,2026,"SG"
"Trey Jemison III","NYK","13",26,5.7,2.2,7.9,3.5,4.4,4.4,"0.4",0.9,0.6,0,1,122.46984,2.0828,2026,"C"
"Trey Murphy III","NOP","66",25,21.8,3.8,5.8,1,4.8,1.8,"1.5",0.4,0.47,0.379,0.886,93.439952,2.032,2026,"SF"
"Tristan Enaruna","CLE","9",24,15.6,3,5.9,3,3,1.3,"2.1",0,0.5,0.3,0.75,99.79024,2.0066,2026,"SF"
"Tristan Vukcevic","WAS","49",23,23.7,3,7.9,1.7,6.2,3.3,"1.2",1.8,0.479,0.347,0.784,99.79024,2.1336,2026,"C"
"Tristan da Silva","ORL","77",25,14.4,2.4,5.4,1.1,4.3,1.3,"1.3",0.5,0.45,0.374,0.884,98.429464,2.032,2026,"SF"
"Tristen Newton","HOU","1",25,36,0,9,6,3,0,"3",0,0.444,0.4,0.667,86.18248,1.9558,2026,"SG"
"Ty Jerome","MEM","15",28,31.4,9,4.5,1.2,3.3,2.9,"1.7",0.4,0.474,0.42,0.875,88.45044,1.9558,2026,"SG"
"TyTy Washington Jr.","LAC","16",24,8.6,6.9,2.5,0.4,2,1.2,"2.5",1.2,0.474,0.375,0,88.45044,1.905,2026,"PG"
"Tyler Burton","MEM","12",26,15.1,1.4,5.9,0.9,4.9,1.3,"1.3",0.5,0.375,0.333,0.852,97.52228,2.0066,2026,"SF"
"Tyler Herro","MIA","33",26,23.6,4.7,5.5,0.5,5,2.2,"0.8",0.4,0.48,0.378,0.917,88.45044,1.9558,2026,"SG"
"Tyler Kolek","NYK","62",25,13.6,8.4,4.9,0.8,4.1,2.7,"1.1",0.2,0.435,0.386,0.7,88.45044,1.8796,2026,"PG"
"Tyler Smith","DAL","12",21,12.2,1.1,7.2,2.6,4.6,1.3,"1.3",0,0.42,0.286,0.667,101.604608,2.0574,2026,"PF"
"Tyrese Martin","PHI","46",27,13.4,3.6,5.4,1.6,3.8,1.9,"1.2",0.3,0.394,0.321,0.679,97.52228,1.9812,2026,"SG"
"Tyrese Maxey","PHI","70",25,26.8,6.2,3.9,0.3,3.6,2.3,"1.8",0.7,0.462,0.367,0.892,90.7184,1.8796,2026,"PG"
"Tyrese Proctor","CLE","50",22,18,4.9,4.2,0.7,3.5,2.6,"1.7",0,0.413,0.351,0.889,83.91452,1.9304,2026,"PG"
"Tyson Etienne","BKN","24",26,17.9,3.8,2.6,0.5,2.1,1.5,"1",0,0.4,0.398,0.833,90.7184,1.8288,2026,"PG"
"Tyus Jones","DEN","67",30,7.3,5.8,2.8,0.4,2.4,0.9,"1.4",0.1,0.349,0.292,0.778,88.904032,1.8288,2026,"PG"
"VJ Edgecombe","PHI","75",20,16.5,4.3,5.8,1.7,4.1,1.9,"1.5",0.5,0.438,0.354,0.818,86.18248,1.9304,2026,"SG"
"Victor Wembanyama","SAS","64",22,30.9,3.8,14.2,2.5,11.7,3,"1.3",3.8,0.512,0.349,0.827,106.59412,2.2352,2026,"C"
"Vince Williams Jr.","UTA","40",25,13.2,7.3,6.8,1.7,5.1,3.1,"1.3",0.7,0.353,0.311,0.78,92.98636,1.9304,2026,"SG"
"Vladislav Goldin","MIA","9",25,10.5,4.5,13.5,4.5,9,4.5,"0",4.5,0.75,0,1,113.398,2.1336,2026,"C"
"Vít Krejčí","POR","65",25,14.2,2.6,3.8,0.8,3,1.1,"1.2",0.5,0.448,0.39,0.745,88.45044,2.032,2026,"SG"
"Walker Kessler","UTA","5",24,16.8,3.5,12.6,5.4,7.2,3.7,"1.6",2.1,0.703,0.75,0.7,111.13004,2.1844,2026,"C"
"Walter Clayton Jr.","MEM","69",23,13.7,7.1,3.5,0.6,2.9,3,"1.1",0.5,0.384,0.307,0.901,88.45044,1.9304,2026,"PG"
"Wendell Carter Jr.","ORL","78",27,14.5,2.4,9.1,2.5,6.5,1.6,"0.9",0.8,0.512,0.319,0.792,122.46984,2.0828,2026,"PF"
"Wendell Moore Jr.","DET","6",24,6,2.4,3.6,0.6,3,0.6,"1.2",1.2,0.571,0,1,97.52228,1.9558,2026,"SG"
"Will Richard","GSW","69",23,11.5,2.4,4.5,1.8,2.7,1.4,"2.1",0.2,0.468,0.335,0.852,93.439952,1.905,2026,"SG"
"Will Riley","WAS","74",20,16.8,3.2,4.7,1.2,3.4,2.1,"1.2",0.2,0.439,0.316,0.8,81.64656,2.0574,2026,"SF"
"Xavier Tillman","CHA","30",27,8.6,2.5,8.4,3.7,4.7,1.6,"1.8",1,0.435,0.167,0.25,111.13004,2.032,2026,"PF"
"Yang Hansen","POR","43",20,11.4,2.6,7.9,2.4,5.5,3.8,"0.4",1.2,0.31,0.119,0.824,122.46984,2.159,2026,"C"
"Yanic Konan Niederhäuser","LAC","41",23,15,1,9.9,3.1,6.8,2,"0.4",2.5,0.64,0.2,0.758,109.769264,2.1082,2026,"C"
"Yuki Kawamura","CHI","18",25,10.7,8.1,5.7,1.2,4.5,2.4,"1.6",0,0.327,0.297,0.895,72.121128,1.7018,2026,"PG"
"Yves Missi","NOP","66",22,10.5,2.3,10.7,5.1,5.6,1.5,"0.6",2.8,0.544,0,0.559,106.59412,2.1082,2026,"C"
"Zaccharie Risacher","ATL","67",21,15.4,1.8,6.2,1.7,4.5,1.4,"1.4",0.9,0.455,0.368,0.644,90.7184,2.032,2026,"SF"
"Zach Collins","CHI","10",28,19,2.9,11,3.1,7.8,2,"0.4",0.8,0.578,0.429,0.7,108.86208,2.0574,2026,"C"
"Zach Edey","MEM","11",24,19,1.5,15.5,5.5,10,3.3,"0.9",2.7,0.633,0.2,0.781,138.34556,2.2098,2026,"C"
"Zach LaVine","SAC","39",31,22,2.6,3.2,0.2,2.9,2.2,"0.8",0.3,0.479,0.39,0.88,90.7184,1.9558,2026,"SG"
"Zeke Nnaji","DEN","52",25,10.9,1.7,7.8,1.9,5.9,1.6,"1",1.4,0.47,0.259,0.773,108.86208,2.0828,2026,"PF"
"Ziaire Williams","BKN","56",24,16.1,1.7,3.8,0.8,2.9,1.7,"2.1",0.6,0.425,0.343,0.85,83.91452,2.0574,2026,"SF"
"Zion Williamson","NOP","62",25,25.5,3.9,6.9,2.4,4.5,2.5,"1.2",0.7,0.6,0.25,0.716,128.820128,1.9812,2026,"PF"
"Zyon Pullin","MIN","5",25,19.4,7.6,2.5,0.8,1.7,2.5,"0.8",0,0.692,0.333,1,93.439952,1.9304,2026,"SG"
